movieCd,rating
19278002,
19288001,8.68
19308006,
19328008,
19338008,
19358005,8.16
19358007,7.8
19368015,
19378007,0.0
19378023,7.83
19380009,7.06
19388001,8.0
19388005,
19388012,8.25
19398001,
19398005,
19398015,
19408005,7.45
19408011,
19418007,8.62
19418009,
19420001,
19428001,7.0
19428006,
19428007,9.14
19428012,8.5
19438005,8.0
19438006,
19438008,7.33
19438010,
19448003,7.92
19448005,
19448011,5.33
19450011,7.75
19458003,8.23
19458005,
19458008,7.75
19460021,8.56
19468008,7.88
19468010,8.13
19468011,
19468013,7.8
19468015,0.0
19468019,
19478011,
19478012,
19480014,
19488002,
19488003,
19488007,5.5
19488009,7.2
19488031,
19498007,6.5
19498008,8.38
19498014,
19508004,9.15
19508006,8.08
19508011,
19518001,
19518002,
19518005,
19518007,8.0
19518011,6.8
19518015,8.96
19518016,8.08
19518024,0.0
19520011,
19528001,
19528002,7.33
19528008,7.67
19528014,
19530005,
19538007,
19538008,9.0
19538009,
19538014,6.4
19538016,8.7
19538019,9.18
19538021,
19538023,5.5
19540024,9.58
19548002,8.35
19548004,8.67
19548009,
19548011,
19548012,
19548014,
19548015,8.0
19548016,8.15
19548017,9.0
19548018,
19548020,7.0
19548035,9.08
19550028,
19558004,
19558005,7.5
19558011,8.63
19558020,
19558022,
19558023,0.0
19558026,9.0
19558030,7.45
19560001,8.5
19560023,4.8
19568002,
19568004,
19568005,8.05
19568011,7.9
19568013,8.82
19568014,
19568016,
19568017,7.78
19568033,7.15
19568053,8.0
19578006,
19578007,9.41
19578009,8.38
19578010,7.42
19578011,8.0
19578015,7.75
19578027,
19580020,
19580038,
19580061,0.0
19580069,
19580073,6.75
19588001,8.6
19588003,
19588005,8.38
19588006,8.75
19588008,8.2
19588009,
19588012,
19588024,
19588026,
19590006,9.21
19598007,8.71
19598009,8.5
19598012,8.36
19598015,8.86
19598020,8.0
19598021,8.96
19598022,7.64
19598024,8.14
19598036,7.93
19598040,9.4
19598043,7.75
19598050,
19600003,8.94
19600017,8.68
19600018,
19600042,
19600045,
19600050,7.75
19600051,8.0
19600060,
19600099,
19608002,
19608004,9.5
19608010,
19608012,
19608013,
19608020,8.29
19608021,7.5
19608024,7.0
19608025,
19608043,6.67
19608048,7.67
19610001,
19610051,
19618001,
19618003,
19618005,9.33
19618009,8.45
19618013,5.8
19618014,7.31
19618020,
19618028,7.75
19618031,9.0
19628006,8.69
19628008,7.56
19628009,5.4
19628012,
19628013,
19628015,
19628019,7.68
19628021,7.0
19628024,7.0
19628026,8.36
19628028,7.71
19628030,8.23
19628032,8.3
19628055,9.0
19630015,
19630072,9.67
19638008,
19638016,
19638021,
19640025,
19648012,8.75
19648019,8.5
19648033,7.36
19648074,7.29
19650001,
19650018,8.0
19660041,5.0
19668013,6.0
19668028,
19668032,8.38
19670007,
19678038,
19678057,3.8
19678075,0.0
19678097,
19688005,8.32
19688044,5.4
19688097,6.38
19688114,5.5
19698020,9.16
19698021,7.75
19698042,5.0
19698050,
19698088,
19698128,6.0
19700035,5.78
19708069,0.0
19708104,0.0
19710022,
19710073,6.0
19710075,0.0
19710080,0.0
19718150,8.88
19718152,
19718198,
19718251,
19718273,
19720003,10.0
19720009,0.0
19720034,
19720061,
19720109,5.0
19720151,8.0
19720152,5.5
19728042,0.0
19728081,8.2
19728178,8.5
19730010,
19730023,6.5
19730092,8.0
19730122,
19730184,
19738119,
19738172,9.2
19740037,1.0
19740137,0.0
19748089,8.5
19748175,8.63
19748218,
19750002,
19750018,10.0
19750021,0.0
19750082,8.45
19750091,5.0
19750141,7.0
19750155,10.0
19760001,6.73
19760004,7.57
19760017,8.0
19760026,8.09
19760096,7.25
19768232,7.0
19770003,7.25
19770028,9.2
19770051,8.73
19770055,7.71
19770058,8.57
19770073,
19770076,7.25
19770081,
19770088,9.22
19770092,
19770097,
19770100,9.15
19770107,
19770109,
19770111,8.47
19778176,8.5
19779010,7.75
19780033,6.2
19780052,0.0
19780054,
19780066,
19780073,9.21
19780079,
19780093,
19788022,
19788190,8.5
19789099,
19790004,0.0
19790005,8.0
19790012,8.67
19790014,8.0
19790024,
19790038,
19790046,5.14
19790050,8.08
19790055,10.0
19790068,7.5
19790078,8.95
19790095,6.75
19790105,8.46
19790108,8.02
19790164,8.41
19798133,8.17
19798135,
19799055,8.36
19800015,5.5
19800019,6.5
19800035,8.33
19800040,1.5
19800047,10.0
19800049,8.55
19800059,
19800068,8.29
19808057,8.62
19808231,
19810007,
19810019,
19810021,8.58
19810030,8.5
19810031,8.11
19810057,
19810064,8.63
19810070,
19810073,8.45
19818004,8.36
19818112,8.94
19818129,7.68
19820008,
19820019,
19820047,8.43
19820052,
19820068,8.75
19820100,8.06
19820110,
19820112,
19830012,8.0
19830017,7.86
19830047,8.67
19830087,8.0
19830089,
19830115,
19830134,
19840010,8.0
19840015,8.67
19840018,8.83
19840044,8.82
19848035,
19850024,8.54
19850051,7.2
19850053,8.56
19850062,6.85
19850074,8.29
19850104,
19860007,7.44
19860024,8.57
19860029,7.5
19860097,8.63
19860125,8.97
19860130,8.29
19860133,8.23
19868174,7.53
19868175,
19869056,
19869057,
19870056,
19870093,
19870101,
19870108,
19870114,9.11
19870148,7.67
19870150,8.87
19880070,8.57
19880096,7.42
19880104,
19880106,8.39
19880124,8.15
19880136,
19880150,9.3
19880159,9.06
19880203,5.5
19880210,
19880213,7.82
19880227,9.21
19888010,9.29
19890122,
19890136,8.55
19890174,
19890203,
19890252,8.37
19890260,8.83
19890291,8.9
19900023,8.36
19900037,7.24
19900042,7.47
19900118,9.24
19900139,9.06
19900169,
19900204,9.38
19900237,
19900311,8.6
19900335,9.19
19910067,8.11
19910094,9.4
19910095,8.25
19910113,5.25
19910242,9.25
19918269,9.4
19918668,8.79
19920047,6.67
19920142,6.78
19920167,
19920222,
19920241,
19920246,9.37
19920296,8.86
19920315,8.01
19920357,8.79
19920366,
19930004,9.32
19930013,2.83
19930014,6.77
19930025,7.57
19930074,8.43
19930087,
19930125,
19930144,
19930176,7.48
19930225,
19930253,8.93
19930396,8.45
19940034,7.29
19940055,5.43
19940063,7.73
19940256,
19940276,8.55
19940343,9.39
19940433,9.12
19950022,8.83
19950037,7.4
19950040,7.56
19950080,8.99
19950084,9.42
19950095,9.37
19950123,8.75
19950148,9.06
19950220,9.27
19950241,
19950290,
19950325,
19950327,
19958229,8.36
19958426,
19960010,
19960015,7.28
19960059,7.79
19960083,8.67
19960085,7.26
19960091,6.38
19960107,
19960126,
19960177,
19960325,8.35
19960357,7.15
19968109,
19968258,7.39
19968735,
19969014,9.09
19970007,
19970014,8.65
19970018,
19970019,8.11
19970022,8.45
19970027,8.76
19970033,8.83
19970089,9.16
19970099,8.61
19970103,8.84
19970157,7.96
19970299,8.67
19970306,
19970321,
19978194,7.77
19980009,8.58
19980036,9.23
19980048,8.0
19980070,
19980074,9.33
19980089,9.34
19980148,
19980230,
19980231,9.33
19980282,9.01
19988258,8.39
19988647,8.0
19990050,
19990053,
19990056,8.26
19990069,
19990070,8.59
19990077,8.87
19990140,9.39
19990191,8.7
19990193,
19990225,8.23
19990248,8.98
19990268,8.02
19990303,
19998583,
20000005,
20000006,8.07
20000011,9.0
20000017,8.12
20000024,8.48
20000029,7.29
20000038,8.2
20000044,9.27
20000059,8.67
20000067,
20000089,8.62
20000100,
20000141,
20000228,
20000262,
20008343,
20009175,9.0
20010013,9.09
20010036,9.06
20010047,8.99
20010057,7.43
20010061,8.41
20010089,8.49
20010096,
20010130,9.29
20010152,
20010238,
20010264,
20010291,9.22
20010292,
20011456,8.41
20018583,7.77
20020047,9.1
20020053,8.78
20020061,
20020065,7.88
20020074,5.76
20020080,7.62
20020106,
20020114,
20020168,9.37
20020186,
20020223,
20020226,
20020313,9.08
20021338,0.0
20028450,
20028642,
20028910,
20030003,9.37
20030009,8.88
20030010,
20030028,
20030033,8.88
20030043,
20030046,9.37
20030047,9.34
20030060,7.92
20030072,8.52
20030108,6.92
20030127,7.88
20030131,8.72
20030142,
20030272,8.21
20030328,8.65
20030350,9.05
20030399,8.88
20030401,9.27
20030404,8.96
20031084,0.0
20038755,
20040447,
20040484,
20040520,10.0
20040525,8.6
20040526,9.22
20040549,9.3
20040654,8.15
20040671,5.49
20040688,7.99
20040689,8.76
20040695,9.08
20040703,9.01
20040721,
20040725,
20040734,9.04
20040756,9.1
20040790,8.53
20040797,9.02
20040798,
20040800,7.0
20041524,8.08
20048275,3.26
20048799,8.92
20050009,8.16
20050017,
20050028,
20050038,8.86
20050042,9.34
20050052,
20050082,9.11
20050106,7.31
20050135,5.52
20050148,7.37
20050216,5.86
20050236,
20050239,9.07
20050245,
20050250,
20050265,8.79
20050328,
20050347,8.19
20058053,8.61
20058701,
20058720,8.7
20058765,8.55
20058808,
20060022,8.93
20060040,8.67
20060069,
20060082,
20060127,9.04
20060151,
20060169,7.52
20060170,8.62
20060171,7.85
20060201,
20060204,7.8
20060261,7.69
20060264,8.65
20060273,8.06
20060277,
20060365,
20060366,
20060380,9.6
20060388,7.61
20060402,7.36
20060430,8.91
20060434,10.0
20060436,10.0
20060474,8.96
20061257,0.0
20061274,0.0
20068576,6.5
20068659,
20068730,
20068788,
20070008,
20070034,8.84
20070054,8.97
20070068,9.23
20070083,8.28
20070099,7.57
20070114,7.81
20070115,7.85
20070135,
20070147,7.6
20070157,
20070174,
20070185,7.47
20070202,8.19
20070216,9.21
20070293,4.57
20070377,7.12
20070396,8.31
20070422,9.25
20070454,
20070458,8.35
20070482,7.27
20070486,
20070493,
20070552,7.82
20070582,8.53
20070585,9.0
20070588,9.33
20070602,9.01
20071004,7.21
20071016,
20071017,8.5
20071018,8.85
20071021,
20071054,8.88
20071066,
20072065,
20072067,9.21
20072141,9.0
20072171,6.05
20072685,9.65
20072686,6.75
20078561,8.4
20078584,7.49
20078599,4.5
20080017,8.19
20080053,8.67
20080065,
20080071,
20080098,
20080163,
20080184,0.0
20080215,7.7
20080222,7.06
20080227,8.05
20080237,8.03
20080238,7.86
20080239,
20080243,
20080244,8.81
20080246,
20080247,
20080250,
20080259,
20080266,8.65
20080268,7.22
20080269,9.15
20080306,9.0
20080314,8.5
20080328,
20080349,9.08
20080499,8.8
20080513,9.23
20080517,8.73
20080576,8.89
20080591,6.24
20080603,8.98
20080605,9.01
20080611,7.78
20080677,8.96
20080688,8.71
20080690,7.67
20080693,7.5
20080695,7.69
20080696,8.84
20080697,8.63
20080698,8.09
20080699,4.0
20080814,9.31
20080846,8.42
20080893,
20080894,
20080897,
20080899,8.74
20080901,7.43
20080902,7.73
20080904,8.35
20080970,8.31
20080975,9.05
20080983,9.5
20080984,
20081002,8.14
20081003,6.19
20081006,
20081034,
20081056,9.02
20081057,9.4
20081065,9.25
20081066,3.69
20081067,9.21
20081068,0.0
20081069,5.31
20081136,8.52
20081146,5.5
20081209,8.32
20081287,
20081331,
20081374,9.15
20081375,
20081377,8.73
20081391,6.71
20081462,8.96
20081482,
20081555,8.79
20081646,9.27
20081662,7.65
20081682,
20081697,
20081727,
20081740,6.33
20081751,10.0
20088318,
20088379,6.56
20088397,8.3
20088506,6.37
20088535,8.72
20088550,
20088785,
20088973,
20090024,
20090035,
20090060,
20090065,8.96
20090074,7.47
20090075,6.84
20090105,7.62
20090155,6.11
20090161,8.83
20090179,8.38
20090188,8.1
20090235,8.97
20090237,8.7
20090248,
20090261,7.85
20090317,5.85
20090340,8.64
20090425,
20090481,8.95
20090557,7.42
20090610,7.52
20090664,8.27
20090667,
20090672,8.0
20090683,8.41
20090718,
20090730,
20090785,9.2
20090786,7.96
20090796,8.65
20090811,9.09
20090834,9.63
20090838,8.73
20090839,7.5
20090852,
20090862,
20090868,
20090912,9.27
20090927,7.38
20090928,7.54
20098169,7.88
20098360,7.13
20098561,7.75
20098728,
20098913,
2009A382,8.38
2009A893,8.25
2009B123,8.0
2009B424,8.8
20100019,
20100034,5.28
20100040,8.75
20100053,8.52
20100055,6.41
20100141,
20100158,
20100180,
20100190,
20100191,
20100202,8.1
20100211,8.41
20100213,8.68
20100215,7.63
20100264,6.11
20100265,
20100268,
20100312,9.22
20100316,9.01
20100359,7.63
20100368,
20100369,
20100477,
20100509,7.4
20100510,7.63
20100511,7.83
20100513,9.24
20100514,7.0
20100515,10.0
20100517,8.73
20100575,9.0
20100576,
20100586,
20100662,
20100669,
20100684,
20100712,9.92
20100752,9.05
20100787,8.15
20100793,3.08
20100962,9.33
20100975,8.62
20100987,
20101020,9.27
20101021,
20101023,7.13
20101044,
20101110,
20101123,8.75
20101125,9.0
20101128,4.5
20101131,7.71
20101178,8.68
20101198,8.67
20101199,7.93
20101218,6.9
20101224,8.19
20101229,
20101232,8.4
20101236,8.57
20101237,7.67
20101243,8.0
20101244,5.16
20101245,
20101247,6.88
20101249,8.54
20101259,
20101323,7.0
20101339,8.46
20101343,6.3
20101344,9.2
20101352,9.34
20101365,0.0
20101371,
20101381,
20101391,9.08
20101392,8.59
20101395,
20101406,
20101408,8.06
20101409,
20101410,9.08
20108090,
20108129,7.56
20108486,5.0
20108509,
20108723,8.56
20108787,8.88
20108880,8.07
20108884,
20108894,
20108907,
20108944,
20109031,8.63
2010A057,
2010A522,
2010A572,7.78
2010A873,7.89
2010G561,
2010G726,
20110014,5.94
20110018,5.25
20110020,
20110024,
20110025,
20110026,
20110027,7.87
20110030,8.57
20110063,
20110162,8.19
20110191,9.63
20110193,
20110233,6.82
20110254,7.79
20110279,8.88
20110293,9.0
20110436,
20110488,
20110519,
20110602,7.45
20110608,8.47
20110721,7.0
20110749,10.0
20110875,0.0
20110876,8.17
20110881,7.11
20110985,6.82
20111009,9.31
20111021,8.5
20111031,
20111060,
20111070,
20111087,
20111102,
20111116,7.92
20111224,7.62
20111260,7.75
20111295,
20111409,9.2
20111469,5.33
20111486,6.5
20111488,0.0
20111491,9.5
20111539,10.0
20111586,0.0
20111587,8.42
20111629,6.67
20111686,
20111695,8.97
20111879,
20111898,8.11
20111911,5.33
20112151,
20112212,8.83
20112373,
20112443,
20112457,8.75
20112464,8.5
20112465,
20112534,9.26
20112561,
20112589,9.13
20112695,8.77
20112703,9.02
20112753,
20112765,6.33
20112766,
20112768,7.83
20112771,8.78
20112773,10.0
20112774,
20112775,
20112776,9.1
20112777,8.0
20112781,8.27
20112791,
20112793,
20112795,7.17
20112808,9.1
20112841,8.27
20112842,
20112921,6.96
20112931,
20113151,
20113231,
20113271,8.88
20113308,8.47
20113391,6.12
20113471,9.28
20113481,8.6
20113486,8.37
20113491,8.32
20113535,8.92
20113553,
20113554,8.56
20113557,8.62
20113567,9.11
20113634,7.86
20113643,
20113711,8.44
20113714,6.88
20113797,
20113811,8.63
20113835,7.75
20113877,8.41
20113916,6.7
20113917,8.09
20113972,
20114793,
20114868,8.2
20114900,8.13
20116046,6.38
20116061,0.0
20116121,10.0
20119126,8.31
20119138,10.0
20119159,8.53
20119337,9.33
20119421,
20119436,
20119437,
20119443,7.0
20119470,10.0
20119480,10.0
20119502,
20119509,
20119543,8.6
20119598,
20119601,8.15
20119668,
20119793,
20119827,
20119836,
20119872,
20119927,7.78
20119958,
20119970,7.1
20119971,5.7
20119982,3.22
20119990,9.08
20120083,8.0
20120102,
20120103,
20120104,7.9
20120105,
20120106,
20120107,
20120108,6.2
20120109,4.89
20120110,7.46
20120111,7.89
20120112,8.05
20120132,
20120137,
20120163,
20120164,10.0
20120169,
20120261,6.7
20120281,10.0
20120363,8.1
20120364,7.95
20120381,7.05
20120383,
20120401,
20120422,7.7
20120424,8.62
20120425,4.8
20120426,8.12
20120428,7.39
20120430,9.12
20120431,
20120464,
20120467,7.29
20120604,9.29
20120663,9.33
20120684,10.0
20120726,8.15
20120801,8.98
20120802,
20120844,
20120896,8.38
20120941,8.86
20120970,
20121021,
20121040,
20121072,8.36
20121079,5.26
20121086,7.3
20121093,
20121094,6.98
20121095,8.86
20121097,
20121131,8.67
20121153,8.23
20121421,9.5
20121455,
20121464,
20121549,
20121550,
20121602,
20121621,8.86
20121622,6.65
20121721,7.64
20121730,9.5
20121731,7.9
20121741,6.7
20121821,7.38
20121861,8.15
20121862,
20121864,
20121995,
20122005,8.0
20122021,6.59
20122063,8.63
20122064,9.39
20122066,
20122068,8.5
20122076,7.54
20122080,7.25
20122083,8.0
20122089,8.81
20122101,
20122121,8.38
20122122,8.21
20122123,8.56
20122124,8.07
20122125,0.0
20122130,9.0
20122132,
20122192,7.76
20122221,7.62
20122222,9.01
20122223,7.53
20122225,5.68
20122226,7.78
20122227,7.5
20122228,7.24
20122229,8.49
20122230,
20122231,8.13
20122232,8.41
20122233,8.97
20122464,0.0
20122466,5.28
20122523,8.47
20122543,0.0
20122574,10.0
20122581,7.44
20122625,7.16
20122761,5.48
20122781,3.89
20122782,8.19
20122783,
20122784,8.54
20122785,6.35
20122786,
20122787,9.26
20122801,7.04
20122803,8.66
20122832,4.11
20122843,7.82
20122861,8.06
20122865,
20122882,8.1
20122901,7.8
20122908,
20123004,
20123041,
20123082,8.61
20123155,7.25
20123161,8.64
20123201,7.41
20123202,8.07
20123217,10.0
20123221,5.13
20123301,5.77
20123329,8.97
20123333,
20123344,
20123363,
20123365,
20123381,
20123382,7.67
20123383,7.83
20123384,6.87
20123386,5.47
20123387,7.12
20123421,
20123422,7.79
20123483,8.14
20123484,8.59
20123500,8.38
20123501,
20123521,
20123581,
20123602,8.21
20123603,
20123629,
20123641,7.7
20123644,6.91
20123662,8.05
20123664,
20123681,8.57
20123741,
20123781,7.41
20123821,
20124013,6.1
20124024,8.23
20124031,2.23
20124034,
20124039,
20124043,
20124044,
20124047,5.33
20124048,7.64
20124050,7.97
20124052,8.43
20124054,8.64
20124059,7.07
20124060,7.53
20124061,8.07
20124062,7.2
20124066,7.09
20124069,
20124074,
20124075,8.48
20124079,9.24
20124082,7.75
20124083,
20124086,
20124134,8.2
20124136,9.02
20124142,9.34
20124247,9.0
20124250,6.6
20124336,
20124346,
20124348,
20124350,
20124356,
20124360,8.0
20124398,6.73
20124399,8.57
20124401,8.9
20124402,6.45
20124427,7.82
20124454,9.0
20124466,9.13
20124530,9.3
20124547,
20124549,
20124552,
20124555,
20124568,8.0
20124633,
20124635,
20124638,6.21
20124668,7.64
20124675,7.5
20124707,7.5
20124709,9.36
20124718,0.0
20124723,
20124725,
20124726,8.24
20124933,8.72
20124935,8.09
20124936,8.23
20124937,7.04
20124938,8.35
20125001,9.0
20125005,6.67
20125006,10.0
20125048,8.42
20125208,9.13
20125228,
20125231,
20125232,
20125246,5.84
20125247,7.1
20125266,8.72
20125333,7.57
20125343,6.2
20125426,7.48
20125428,8.5
20125430,
20125431,9.02
20125510,0.0
20125527,
20125567,
20125607,
20125648,5.41
20125686,5.17
20125827,6.42
20125920,7.52
20125967,7.68
20125990,7.79
20125997,6.0
20126001,7.99
20126003,8.61
20126004,6.37
20126005,7.2
20126008,7.55
20126010,8.66
20126070,
20126087,6.89
20126090,4.03
20126091,7.98
20126126,
20126244,4.0
20126247,10.0
20126252,9.89
20126253,7.36
20126306,8.47
20126327,8.25
20126328,7.0
20126331,
20126333,9.22
20126388,8.7
20126407,
20126507,8.36
20126528,10.0
20126543,9.0
20126544,9.29
20126575,8.86
20126580,
20126583,8.41
20126611,8.29
20126669,
20126671,
20126672,
20126673,8.56
20126674,7.97
20126686,8.56
20127146,10.0
20127185,
20127189,8.83
20127190,8.49
20127191,9.08
20127194,8.9
20127201,0.0
20127466,
20127494,9.12
20127526,7.88
20127546,7.21
20127568,8.73
20127587,6.44
20127589,0.0
20127593,8.83
20127595,7.3
20127597,8.92
20127628,
20127633,
20127915,
20128001,
20128079,8.34
20128247,8.14
20128274,8.35
20128386,8.85
20128487,
20128546,8.41
20128588,9.02
20128609,9.2
20128610,7.0
20128629,
20128669,
20128687,6.05
20128690,7.44
20128691,7.07
20128694,8.76
20128746,8.98
20128747,6.68
20128812,10.0
20128828,0.0
20128887,0.0
20128931,
20128937,5.0
20128946,
20129026,
20129027,
20129035,
20129036,0.0
20129040,8.25
20129041,0.0
20129073,
20129074,7.0
20129075,0.0
20129076,
20129087,
20129089,7.67
20129099,
20129105,
20129114,7.22
20129116,
20129117,
20129150,
20129156,
20129211,6.59
20129260,8.24
20129262,8.19
20129287,8.22
20129327,9.48
20129332,8.15
20129368,8.25
20129370,8.45
20129386,7.0
20129387,8.17
20129388,9.33
20129467,
20129469,
20129477,8.54
20129480,
20129490,
20129492,
20129511,8.0
20129588,7.31
20129606,7.15
20129633,7.0
20129636,
20129641,
20129647,
20129650,
20129677,
20129680,
20129690,7.5
20129691,0.0
20129694,0.0
20129707,
20129712,
20129727,8.47
20129786,6.65
20129787,7.72
20129788,7.27
20129827,7.2
20129836,
20129837,
20129917,
20129924,10.0
20129935,10.0
20129941,8.33
20129944,
20129945,8.22
20129946,9.0
20129948,0.0
20129954,0.0
20129962,
20129995,0.0
20129996,
20130021,
20130041,
20130042,
20130089,0.0
20130160,0.0
20130170,7.14
20130184,9.5
20130187,10.0
20130217,0.0
20130241,
20130243,5.45
20130244,7.52
20130248,
20130250,
20130251,
20130252,
20130254,5.68
20130260,7.69
20130283,0.0
20130326,0.0
20130337,
20130375,9.81
20130389,2.83
20130421,8.46
20130423,4.67
20130424,
20130442,9.01
20130443,
20130448,
20130453,9.0
20130481,7.59
20130482,7.53
20130483,8.12
20130501,8.35
20130522,7.96
20130541,6.97
20130542,9.0
20130543,8.36
20130561,7.65
20130566,7.8
20130567,8.69
20130568,9.0
20130569,8.34
20130573,
20130574,9.02
20130592,5.57
20130601,8.33
20130662,4.33
20130667,7.2
20130669,1.79
20130681,8.45
20130686,3.81
20130689,6.61
20130690,7.53
20130701,
20130702,
20130703,6.98
20130704,8.85
20130705,7.47
20130706,5.35
20130708,5.3
20130709,5.13
20130710,7.42
20130783,8.1
20130784,
20130801,8.26
20130821,
20130841,
20130929,
20130952,
20130961,7.26
20130982,
20131001,3.54
20131002,3.38
20131003,6.77
20131043,
20131081,9.67
20131082,3.52
20131083,6.46
20131084,7.0
20131086,7.11
20131102,9.0
20131109,1.66
20131165,2.2
20131181,7.93
20131202,5.83
20131203,6.71
20131204,7.1
20131206,7.75
20131221,
20131222,6.35
20131241,
20131244,2.8
20131245,
20131246,7.17
20131247,6.91
20131248,8.92
20131261,7.62
20131262,7.51
20131263,8.77
20131281,8.13
20131301,3.78
20131302,5.0
20131303,6.75
20131304,
20131361,6.8
20131381,8.23
20131401,3.3
20131461,8.63
20131462,8.45
20131521,6.1
20131541,8.52
20131573,6.29
20131582,7.91
20131630,6.06
20131661,5.05
20131681,8.09
20131691,7.5
20131692,8.35
20131713,
20131821,8.26
20131823,1.33
20131841,7.2
20131862,8.37
20131923,
20131941,
20131984,
20132021,
20132081,5.67
20132082,4.75
20132087,3.38
20132120,9.04
20132164,7.2
20132167,6.75
20132192,
20132241,7.2
20132261,7.42
20132262,7.92
20132341,
20132342,
20132343,
20132344,
20132345,
20132346,
20132347,
20132348,
20132349,
20132350,
20132381,5.54
20132382,8.6
20132461,7.69
20132481,
20132482,
20132518,
20132562,
20132581,
20132601,9.41
20132621,6.21
20132624,7.4
20132641,
20132661,8.87
20132682,6.94
20132721,3.0
20132722,
20132741,7.32
20132742,
20132743,
20132781,10.0
20132795,9.3
20132796,
20132797,7.54
20132799,8.55
20132800,8.87
20132801,7.89
20132803,2.93
20132804,8.9
20132805,8.66
20132806,
20132807,
20132821,
20132824,7.34
20132828,
20132881,
20132902,6.74
20132941,9.15
20132961,
20132962,5.11
20132963,6.83
20132966,3.03
20133021,
20133053,
20133054,
20133055,
20133065,
20133071,9.41
20133081,
20133141,
20133142,7.29
20133145,
20133152,7.19
20133159,8.58
20133322,6.69
20133413,8.67
20133421,
20133425,
20133464,
20133481,8.0
20133531,8.94
20133569,3.13
20133570,3.26
20133585,8.17
20133601,8.41
20133602,6.07
20133603,7.44
20133641,6.79
20133661,
20133667,
20133681,4.03
20133682,6.61
20133701,8.14
20133702,
20133703,7.37
20133704,8.85
20133705,5.5
20133756,9.0
20133759,7.21
20133760,8.54
20133771,
20133772,
20133773,
20133789,8.63
20133791,8.21
20133803,8.24
20133805,
20133811,8.14
20133834,0.0
20133862,8.25
20133863,8.66
20133881,8.41
20133882,7.91
20133898,
20133922,
20133923,
20133924,
20133955,8.43
20133965,10.0
20133967,0.0
20133980,
20133981,
20134001,6.67
20134004,4.6
20134005,3.8
20134027,7.08
20134028,
20134041,5.69
20134042,7.42
20134044,6.68
20134046,8.7
20134047,8.5
20134061,8.21
20134062,8.88
20134066,4.68
20134068,
20134069,
20134070,9.04
20134072,6.75
20134073,8.56
20134082,6.84
20134083,
20134102,5.13
20134103,7.03
20134104,8.42
20134121,6.61
20134122,8.8
20134123,
20134124,6.75
20134126,5.8
20134141,7.97
20134143,6.13
20134144,8.11
20134161,9.83
20134162,7.29
20134181,8.24
20134182,7.62
20134202,10.0
20134206,
20134222,8.12
20134233,5.99
20134244,8.95
20134267,8.49
20134268,8.6
20134269,2.0
20134271,0.0
20134272,9.07
20134288,
20134341,9.25
20134357,7.18
20134358,7.0
20134360,3.25
20134362,9.05
20134370,8.14
20134374,7.69
20134375,9.09
20134381,4.6
20134382,
20134388,
20134407,
20134413,
20134414,0.0
20134415,5.5
20134417,0.0
20134436,8.19
20134457,7.59
20134462,6.99
20134474,7.61
20134484,8.5
20134485,7.3
20134501,0.0
20134502,
20134512,
20134532,
20134533,7.58
20134534,9.35
20134562,8.16
20134581,7.75
20134582,
20134583,8.55
20134585,6.81
20134586,7.54
20134587,8.01
20134588,6.96
20134589,
20134590,
20134591,
20134592,8.94
20134594,7.05
20134601,8.89
20134602,7.68
20134603,8.19
20134606,5.61
20134609,7.23
20134621,8.86
20134645,
20134651,
20134658,
20134681,
20134694,
20134701,
20134702,6.43
20134703,8.42
20134704,7.57
20134705,3.5
20134726,8.75
20134741,0.0
20134742,6.0
20134743,2.0
20134744,
20134745,4.0
20134751,
20134764,
20134776,
20134789,
20134798,9.0
20134799,9.28
20134800,8.69
20134801,6.23
20134803,8.98
20134804,7.26
20134813,0.0
20134836,
20134861,8.08
20134869,7.37
20134874,
20134877,
20134927,
20134933,7.5
20134942,7.67
20134962,
20134983,9.02
20134984,9.0
20135001,8.75
20135066,6.75
20135073,10.0
20135088,6.25
20135114,
20135141,
20135142,
20135207,
20135221,8.81
20135241,8.52
20135242,6.79
20135264,4.77
20135275,
20135278,7.86
20135280,6.09
20135305,8.04
20135343,7.13
20135362,
20135365,
20135366,
20135367,
20135368,
20135369,
20135370,8.34
20135382,4.46
20135383,6.33
20135386,7.77
20135401,8.44
20135402,
20135405,8.16
20135426,7.39
20135427,
20135428,9.16
20135443,7.33
20135462,10.0
20135463,7.84
20135464,6.76
20135502,0.0
20135503,10.0
20135504,
20135505,
20135521,9.25
20135534,
20135541,6.92
20135542,8.05
20135543,7.82
20135544,8.23
20135545,
20135581,8.47
20135582,6.85
20135584,8.0
20135585,5.71
20135586,
20135602,3.12
20135626,
20135635,8.13
20135636,7.67
20135642,7.67
20135656,7.09
20135657,7.23
20135661,7.76
20135704,
20135743,
20135745,
20135764,
20135765,4.79
20135766,5.07
20135767,7.48
20135770,5.44
20135800,9.17
20135829,3.6
20135837,9.03
20135838,6.36
20135891,7.27
20135898,7.85
20135907,5.89
20135915,6.2
20135922,
20135941,
20135942,6.63
20135943,7.15
20135946,9.02
20135956,0.0
20135959,0.0
20135970,0.0
20135974,
20136000,9.17
20136016,7.94
20136018,
20136022,
20136041,
20136043,
20136049,6.8
20136052,8.27
20136057,7.96
20136058,7.2
20136059,
20136060,
20136061,7.02
20136062,7.75
20136063,6.27
20136064,8.27
20136068,
20136098,
20136132,
20136138,
20136170,7.67
20136202,5.58
20136203,
20136214,8.15
20136219,8.36
20136223,5.15
20136225,9.67
20136243,9.17
20136265,
20136281,6.69
20136288,
20136289,
20136290,
20136292,
20136294,7.24
20136295,8.25
20136298,8.64
20136301,5.82
20136302,7.43
20136307,4.93
20136308,7.49
20136312,7.84
20136321,7.97
20136330,10.0
20136331,6.63
20136332,9.0
20136333,
20136337,7.38
20136341,8.47
20136342,8.58
20136355,7.91
20136376,
20136441,6.41
20136445,
20136450,
20136492,
20136498,6.59
20136509,7.98
20136525,0.0
20136526,
20136527,10.0
20136528,0.0
20136544,0.0
20136546,9.5
20136548,
20136558,8.25
20136559,0.0
20136560,7.57
20136561,9.0
20136562,6.75
20136565,8.29
20136566,
20136567,
20136575,
20136577,
20136578,2.34
20136586,7.8
20136615,7.5
20136621,7.64
20136643,2.97
20136661,7.06
20136662,7.88
20136682,7.88
20136689,10.0
20136704,8.25
20136736,
20136738,2.69
20136739,2.64
20136740,6.56
20136741,8.3
20136742,8.1
20136743,
20136761,7.83
20136781,7.65
20136782,9.08
20136783,7.93
20136789,
20136791,
20136798,7.7
20136800,6.68
20136802,8.63
20136803,
20136805,8.16
20136806,8.39
20136807,5.73
20136810,8.96
20136812,8.07
20136814,7.06
20136853,
20136857,
20136860,
20136861,8.71
20136862,7.3
20136863,6.66
20136864,
20136865,7.59
20136866,8.54
20136869,5.34
20136887,
20136888,7.13
20136891,4.25
20136892,7.18
20136894,
20136910,8.24
20136917,3.31
20136918,
20136919,6.79
20136920,6.29
20136921,6.92
20136924,6.88
20136925,6.2
20136926,8.1
20136928,8.5
20136929,
20136935,8.51
20136947,0.0
20136961,
20136962,8.01
20136968,8.5
20136984,10.0
20136985,8.0
20136991,
20136998,
20137011,
20137021,10.0
20137028,
20137041,7.58
20137043,8.66
20137044,
20137048,9.01
20137061,8.49
20137070,
20137076,
20137077,
20137081,8.32
20137082,
20137102,10.0
20137103,0.0
20137121,6.11
20137164,8.88
20137165,10.0
20137181,6.37
20137182,8.8
20137201,10.0
20137202,10.0
20137221,5.5
20137222,0.0
20137241,7.65
20137332,10.0
20137352,7.59
20137373,8.51
20137422,7.97
20137426,
20137441,
20137468,
20137522,6.72
20137525,4.64
20137526,8.36
20137541,8.72
20137542,6.16
20137543,8.17
20137546,8.42
20137549,9.04
20137550,7.0
20137561,10.0
20137562,
20137564,
20137584,7.39
20137585,4.33
20137621,5.5
20137644,
20137692,9.93
20137706,
20137713,8.67
20137721,6.45
20137722,8.16
20137741,6.29
20137763,
20137769,
20137786,
20137788,
20137809,
20137811,7.22
20137815,7.42
20137861,9.05
20137862,4.21
20137863,7.42
20137864,7.25
20137865,7.09
20137866,6.33
20137902,
20137961,6.85
20137963,5.44
20137965,6.45
20137981,6.0
20138061,9.0
20138101,6.7
20138102,0.0
20138103,9.83
20138125,
20138126,0.0
20138141,
20138161,4.05
20138162,8.48
20138181,8.44
20138183,9.67
20138185,
20138186,8.56
20138201,
20138202,
20138221,
20138222,
20138223,7.58
20138224,8.16
20138226,8.36
20138241,10.0
20138272,7.88
20138314,7.45
20138322,9.5
20138324,0.0
20138325,5.5
20138331,0.0
20138347,
20138350,
20138355,
20138401,
20138402,
20138404,4.07
20138421,7.64
20138441,8.45
20138461,6.56
20138481,7.69
20138482,8.58
20138483,7.16
20138501,7.83
20138502,7.86
20138542,5.59
20138543,
20138544,
20138563,
20138581,
20138582,
20138583,9.53
20138604,7.0
20138605,7.1
20138607,8.95
20138608,
20138621,9.33
20138623,10.0
20138632,7.05
20138635,
20138636,
20138637,
20138641,7.36
20138681,8.4
20138683,
20138684,6.33
20138685,8.0
20138686,9.78
20138687,
20138692,7.0
20138693,10.0
20138694,
20138696,
20138703,
20138705,
20138709,
20138712,5.48
20138734,6.64
20138782,8.73
20138783,9.14
20138813,7.8
20138838,8.88
20138861,5.41
20138881,
20138882,
20138884,
20138922,10.0
20138931,8.67
20138933,0.0
20138935,0.0
20138936,10.0
20138941,5.17
20138947,6.43
20138949,
20138950,6.67
20138951,9.28
20138953,
20138962,
20138982,
20139042,
20139043,0.0
20139064,7.63
20139072,8.02
20139081,6.9
20139083,8.19
20139121,
20139141,7.14
20139162,
20139164,
20139181,
20139183,
20139201,
20139221,8.29
20139222,6.82
20139243,4.67
20139261,4.02
20139263,6.24
20139264,
20139265,7.28
20139363,9.14
20139383,8.91
20139401,7.51
20139402,2.53
20139403,7.11
20139422,9.52
20139441,3.5
20139461,4.49
20139463,
20139490,
20139492,10.0
20139542,7.67
20139544,
20139545,8.59
20139550,8.75
20139551,8.0
20139552,6.83
20139554,8.0
20139561,7.2
20139562,10.0
20139569,
20139601,
20139623,
20139624,
20139625,
20139626,
20139701,6.0
20139723,7.62
20139724,6.52
20139764,8.83
20139801,5.86
20139821,
20139822,7.08
20139823,9.11
20139824,8.42
20139825,8.36
20139826,
20139842,
20139861,5.0
20139862,6.94
20139881,7.61
20139941,10.0
20139964,8.26
20139981,6.65
20140063,8.56
20140081,
20140088,
20140089,
20140090,
20140091,
20140092,
20140093,8.66
20140096,4.16
20140098,
20140110,
20140112,3.41
20140118,6.33
20140119,2.66
20140121,8.94
20140125,
20140128,
20140144,5.56
20140145,
20140163,7.06
20140164,3.54
20140173,
20140174,
20140181,
20140182,
20140186,7.79
20140187,4.45
20140188,8.79
20140190,7.08
20140191,5.31
20140193,6.36
20140194,7.61
20140195,6.51
20140196,
20140207,7.56
20140222,
20140226,8.48
20140241,8.41
20140245,4.34
20140247,7.17
20140248,6.07
20140250,0.0
20140253,7.6
20140254,6.33
20140256,8.21
20140281,8.64
20140341,2.39
20140401,8.95
20140402,7.63
20140424,6.68
20140425,8.29
20140426,8.0
20140427,10.0
20140428,7.56
20140431,7.85
20140443,
20140444,7.75
20140447,
20140448,
20140449,8.09
20140450,7.5
20140456,
20140458,7.47
20140459,8.26
20140461,8.22
20140493,
20140522,5.76
20140524,7.57
20140541,
20140561,5.0
20140562,4.06
20140563,8.33
20140602,
20140609,
20140630,
20140634,
20140689,8.9
20140694,8.65
20140703,8.87
20140704,6.57
20140723,8.84
20140730,10.0
20140762,7.61
20140823,2.73
20140842,7.08
20140861,7.62
20140864,3.66
20140865,6.56
20140901,7.76
20140922,8.18
20140929,6.43
20141001,
20141002,
20141027,
20141028,
20141060,6.75
20141061,
20141081,8.44
20141085,8.39
20141088,8.96
20141101,4.38
20141107,7.67
20141108,9.0
20141109,9.8
20141110,
20141111,
20141112,
20141113,
20141114,8.91
20141131,7.0
20141132,2.38
20141142,
20141159,10.0
20141206,8.3
20141224,6.14
20141261,8.01
20141281,8.48
20141321,8.09
20141322,5.65
20141383,6.21
20141384,7.7
20141401,5.71
20141408,7.72
20141421,
20141422,
20141423,
20141441,8.5
20141504,2.65
20141505,4.5
20141521,7.78
20141543,
20141544,
20141561,7.7
20141582,
20141583,7.98
20141589,7.87
20141591,6.43
20141598,
20141602,7.89
20141606,
20141607,6.73
20141608,
20141609,8.33
20141610,7.73
20141611,7.15
20141612,7.38
20141613,6.86
20141614,
20141621,
20141681,
20141701,
20141702,8.77
20141703,5.88
20141704,9.14
20141705,5.15
20141706,6.05
20141708,9.4
20141746,8.97
20141776,8.95
20141781,7.02
20141783,
20141808,
20141821,6.02
20141862,5.67
20141881,3.75
20141901,8.37
20141946,
20141947,
20141952,
20141953,0.0
20141961,7.28
20141962,8.79
20141963,
20142021,
20142023,
20142068,
20142069,4.14
20142083,4.62
20142084,7.28
20142110,8.12
20142129,6.93
20142130,5.15
20142141,8.59
20142142,7.8
20142182,9.29
20142221,
20142241,
20142261,
20142282,
20142301,8.37
20142321,
20142322,4.3
20142341,7.77
20142381,
20142401,5.61
20142402,6.9
20142403,8.09
20142406,7.74
20142407,6.64
20142421,
20142422,
20142441,
20142443,4.33
20142481,7.87
20142503,6.5
20142523,6.8
20142561,4.92
20142581,6.21
20142621,7.11
20142623,6.65
20142624,8.14
20142641,6.71
20142661,8.98
20142690,
20142701,7.54
20142706,9.09
20142732,6.71
20142741,
20142771,
20142778,5.67
20142798,8.61
20142812,4.86
20142843,8.18
20142844,5.82
20142854,4.76
20142855,7.84
20142856,4.82
20142857,7.99
20142881,7.41
20142884,
20142962,
20142964,
20143021,7.78
20143041,7.21
20143045,8.58
20143081,9.06
20143101,
20143181,
20143250,
20143252,6.27
20143253,9.16
20143261,6.92
20143281,
20143282,
20143284,
20143285,3.47
20143309,
20143314,6.64
20143315,8.0
20143325,8.42
20143343,8.02
20143344,7.65
20143382,8.47
20143393,7.6
20143414,5.72
20143422,4.94
20143502,7.59
20143509,2.82
20143510,5.72
20143511,
20143512,6.67
20143513,8.93
20143541,8.06
20143542,8.5
20143543,7.91
20143564,7.8
20143565,8.03
20143566,
20143570,
20143571,
20143572,
20143573,7.07
20143574,9.0
20143580,9.11
20143602,
20143639,7.15
20143640,7.42
20143641,6.3
20143642,7.87
20143666,3.65
20143667,6.8
20143689,
20143706,
20143717,
20143718,
20143720,
20143721,
20143722,
20143723,
20143724,
20143725,
20143726,9.24
20143727,0.0
20143747,
20143750,
20143752,
20143753,
20143754,8.68
20143764,
20143767,
20143769,
20143901,9.26
20143921,8.28
20143922,8.04
20143941,8.55
20143942,7.86
20143961,5.28
20143983,
20143985,
20144001,
20144102,7.94
20144121,8.17
20144179,
20144183,6.76
20144191,5.95
20144241,7.66
20144242,7.66
20144257,10.0
20144281,8.64
20144321,8.84
20144322,8.75
20144323,8.74
20144324,7.31
20144361,8.27
20144362,9.37
20144422,5.18
20144441,
20144442,
20144444,7.11
20144461,6.93
20144481,8.21
20144482,6.79
20144507,8.25
20144521,6.76
20144522,6.79
20144523,9.09
20144532,0.0
20144582,
20144601,5.5
20144621,7.7
20144641,8.29
20144642,7.48
20144682,7.61
20144683,
20144701,
20144721,
20144729,0.0
20144741,8.77
20144762,0.0
20144781,0.0
20144801,8.23
20144881,8.55
20144927,7.28
20144935,
20144937,4.17
20144943,3.5
20144961,8.83
20145021,
20145041,7.84
20145042,8.5
20145083,3.76
20145085,8.43
20145101,6.33
20145102,
20145103,8.37
20145124,
20145141,8.79
20145142,
20145161,
20145167,
20145168,8.73
20145169,
20145170,
20145171,8.0
20145182,8.49
20145202,6.94
20145203,8.41
20145242,5.51
20145262,
20145281,7.45
20145301,8.5
20145361,7.94
20145393,
20145395,
20145396,7.59
20145401,
20145402,8.07
20145461,
20145462,
20145463,
20145464,
20145481,8.18
20145482,8.1
20145486,5.16
20145501,6.95
20145502,7.92
20145503,8.31
20145504,7.0
20145506,8.01
20145507,7.94
20145521,7.61
20147088,
20147096,
20147102,8.3
20147107,9.17
20147108,8.38
20147109,9.0
20147111,8.04
20147129,5.26
20147130,5.58
20147161,6.66
20147176,7.82
20147198,7.83
20147233,
20147247,
20147248,
20147250,8.02
20147254,
20147256,7.0
20147257,8.5
20147282,6.81
20147283,7.76
20147284,8.31
20147299,8.6
20147301,8.92
20147302,7.8
20147317,
20147372,
20147379,7.96
20147387,8.04
20147407,7.43
20147430,6.98
20147432,8.16
20147447,3.42
20147451,7.36
20147467,6.85
20147473,6.28
20147509,8.49
20147527,
20147554,
20147557,5.98
20147558,6.89
20147559,8.58
20147560,6.71
20147565,
20147567,5.94
20147584,8.43
20147608,4.0
20147609,6.32
20147610,
20147612,
20147613,
20147616,4.99
20147625,8.83
20147642,
20147643,
20147644,
20147645,
20147649,
20147669,8.88
20147677,
20147678,7.81
20147679,8.51
20147681,8.08
20147683,8.66
20147684,8.3
20147685,6.71
20147687,7.86
20147689,7.77
20147690,7.34
20147691,8.98
20147693,8.3
20147694,
20147695,7.46
20147707,6.19
20147710,9.0
20147720,
20147723,8.63
20147727,8.38
20147728,9.0
20147767,
20147769,7.33
20147787,6.99
20147788,8.38
20147790,8.92
20147795,10.0
20147796,8.5
20147797,
20147803,7.82
20147805,
20147818,
20147847,
20147848,7.93
20147851,6.65
20147856,4.47
20147871,
20147872,7.36
20147874,6.67
20147880,8.07
20147881,5.92
20147883,7.92
20147885,3.01
20147898,
20147899,
20147900,
20147901,
20147902,7.67
20147904,5.94
20147908,7.68
20147909,2.71
20147917,
20147927,7.83
20147928,5.72
20147929,4.88
20147930,8.0
20147931,5.47
20147947,
20147948,
20147950,7.67
20147952,3.36
20147953,9.02
20147954,4.7
20147967,8.91
20147968,7.95
20147969,
20147970,7.91
20147971,8.5
20147987,8.1
20148007,
20148009,5.94
20148010,6.63
20148031,4.8
20148048,9.01
20148067,8.25
20148068,7.29
20148071,6.37
20148090,6.05
20148128,8.66
20148129,
20148131,
20148132,
20148167,
20148168,4.66
20148170,
20148176,8.73
20148188,6.07
20148208,5.86
20148210,8.33
20148211,6.5
20148212,7.13
20148213,7.36
20148228,7.2
20148232,
20148234,
20148236,5.48
20148276,7.78
20148277,6.11
20148347,6.89
20148367,
20148368,0.0
20148369,0.0
20148370,0.0
20148371,0.0
20148372,0.0
20148381,
20148383,
20148384,
20148385,8.4
20148386,8.33
20148387,10.0
20148388,10.0
20148413,
20148415,
20148417,
20148418,
20148421,
20148424,8.75
20148439,
20148440,
20148441,
20148447,6.27
20148449,
20148456,9.4
20148457,5.83
20148458,8.0
20148460,3.67
20148461,6.72
20148462,3.75
20148492,4.0
20148493,
20148494,
20148518,8.58
20148534,7.37
20148535,3.43
20148551,10.0
20148553,7.72
20148587,6.96
20148588,5.57
20148602,
20148603,7.31
20148605,8.46
20148607,
20148615,
20148616,
20148619,5.63
20148620,8.37
20148623,8.32
20148625,7.32
20148626,7.44
20148627,9.36
20148628,9.0
20148629,4.29
20148631,8.98
20148632,9.0
20148634,8.34
20148648,8.82
20148667,5.62
20148668,4.28
20148670,5.77
20148675,5.04
20148676,8.9
20148681,7.79
20148685,7.02
20148686,7.41
20148687,
20148688,4.5
20148690,
20148695,
20148696,
20148711,2.88
20148714,5.86
20148727,7.3
20148728,7.82
20148743,6.8
20148745,7.79
20148746,
20148748,
20148750,
20148751,
20148756,
20148762,
20148795,7.71
20148801,7.54
20148807,8.94
20148810,
20148814,5.5
20148818,
20148826,9.13
20148829,8.29
20148830,8.9
20148834,8.66
20148835,
20148837,8.52
20148839,
20148840,7.64
20148841,6.82
20148842,7.19
20148843,
20148844,
20148845,7.61
20148846,8.24
20148847,7.24
20148848,
20148849,
20148851,
20148853,2.96
20148855,8.09
20148860,8.31
20148877,8.04
20148878,
20148901,6.14
20148902,10.0
20148903,8.6
20148906,7.81
20148927,3.75
20148929,
20148967,4.61
20148973,8.53
20148976,7.12
20148982,9.2
20148994,7.63
20148995,7.36
20148996,7.8
20148997,7.0
20149008,7.2
20149016,
20149020,
20149037,
20149047,
20149048,
20149055,7.35
20149059,6.15
20149060,8.25
20149061,8.67
20149062,7.36
20149066,7.83
20149097,7.4
20149099,7.99
20149120,9.09
20149125,
20149127,
20149128,
20149129,
20149135,
20149138,
20149140,6.88
20149141,6.24
20149147,0.0
20149155,8.32
20149188,7.67
20149219,8.14
20149248,
20149257,4.62
20149258,8.69
20149259,5.23
20149264,8.74
20149265,7.09
20149266,6.95
20149269,8.48
20149270,7.38
20149271,6.33
20149282,0.0
20149284,
20149286,
20149287,6.72
20149288,6.4
20149289,6.03
20149292,
20149296,8.22
20149298,4.75
20149299,3.34
20149307,6.19
20149308,9.21
20149311,6.77
20149312,3.72
20149313,8.31
20149314,8.99
20149317,8.46
20149343,7.73
20149344,6.11
20149347,8.67
20149348,9.31
20149349,
20149356,3.32
20149357,10.0
20149371,7.75
20149372,7.1
20149374,7.2
20149375,8.5
20149377,
20149378,
20149379,
20149384,3.17
20149388,7.48
20149394,6.34
20149397,
20149401,8.37
20149409,7.82
20149411,
20149415,7.93
20149421,6.44
20149432,5.58
20149441,
20149442,
20149451,
20149457,7.63
20149459,
20149460,6.29
20149462,6.67
20149463,7.46
20149491,8.4
20149494,5.94
20149495,8.44
20149496,5.5
20149499,
20149511,
20149514,
20149518,
20149520,7.7
20149528,
20149536,3.88
20149540,4.94
20149541,6.18
20149542,3.37
20149567,8.72
20149568,7.36
20149569,7.61
20149570,7.66
20149571,8.44
20149591,7.69
20149629,9.03
20149640,5.75
20149667,5.28
20149668,8.56
20149698,7.75
20149699,0.0
20149714,8.14
20149715,4.18
20149727,
20149728,
20149729,
20149730,
20149736,
20149737,
20149740,
20149756,6.78
20149758,8.23
20149767,3.11
20149768,4.3
20149769,2.94
20149770,6.04
20149771,3.44
20149796,8.77
20149809,
20149811,8.23
20149818,
20149819,
20149827,
20149830,7.77
20149831,7.03
20149838,8.33
20149839,6.41
20149841,5.32
20149846,8.61
20149859,
20149860,7.21
20149861,8.5
20149876,6.65
20149878,8.6
20149909,5.76
20149910,
20149914,
20149930,8.0
20149931,6.96
20149938,10.0
20149939,8.5
20149948,8.36
20149950,
20149951,
20149952,7.61
20149961,
20149962,
20149970,
20149978,7.93
20149980,9.0
20149984,8.23
20150012,8.25
20150020,7.84
20150024,8.67
20150025,9.04
20150061,8.46
20150104,7.95
20150150,8.33
20150152,
20150155,
20150156,
20150157,
20150203,8.31
20150255,8.66
20150258,8.46
20150301,5.5
20150323,
20150324,7.0
20150325,
20150326,
20150329,
20150330,
20150331,
20150341,
20150385,
20150453,6.59
20150456,8.12
20150458,8.03
20150461,7.49
20150470,8.21
20150481,4.45
20150501,8.79
20150522,8.77
20150523,8.2
20150524,7.0
20150562,
20150563,8.33
20150564,7.41
20150565,8.94
20150566,8.71
20150567,8.21
20150601,6.8
20150603,7.02
20150604,
20150622,8.07
20150661,8.97
20150666,
20150703,
20150721,
20150725,
20150741,6.83
20150744,
20150751,6.0
20150752,7.92
20150753,7.89
20150762,8.32
20150782,7.27
20150801,3.31
20150802,5.0
20150831,8.64
20150838,
20150841,
20150862,7.89
20150863,8.49
20150864,
20150901,7.42
20150902,5.75
20150903,6.23
20150921,3.64
20150941,5.98
20150942,8.56
20150943,
20150962,
20150963,
20150964,8.03
20150966,8.01
20150968,8.67
20150969,6.44
20150970,8.6
20150971,6.49
20150972,8.09
20150975,
20150976,7.83
20150977,8.22
20150978,
20150979,
20150980,
20150982,4.21
20151002,8.88
20151003,6.16
20151004,9.46
20151005,8.93
20151021,8.82
20151022,7.75
20151063,3.71
20151111,7.89
20151141,3.03
20151143,
20151181,
20151201,
20151202,8.18
20151224,
20151225,9.07
20151226,8.51
20151227,8.06
20151228,8.27
20151229,
20151230,8.17
20151302,7.93
20151321,
20151330,
20151381,
20151382,
20151383,8.42
20151401,7.22
20151421,7.6
20151422,6.7
20151481,7.63
20151482,7.98
20151521,7.75
20151601,5.5
20151623,8.86
20151641,7.27
20151643,
20151661,
20151721,
20151723,
20151725,0.0
20151782,6.46
20151783,6.59
20151784,
20151801,
20151802,
20151803,8.62
20151815,8.37
20151821,8.05
20151841,
20151861,
20151881,
20151884,
20151885,8.08
20151901,8.52
20151941,9.5
20151943,0.0
20151944,2.65
20151945,5.0
20151962,7.99
20151964,8.44
20152001,
20152022,8.98
20152041,
20152044,
20152062,8.71
20152064,5.36
20152105,6.61
20152121,6.24
20152182,8.86
20152209,6.6
20152223,7.97
20152261,6.34
20152264,6.63
20152279,8.67
20152289,
20152321,
20152331,
20152334,
20152337,
20152340,
20152343,
20152368,7.75
20152369,5.91
20152370,4.08
20152371,8.69
20152372,8.38
20152402,8.42
20152441,
20152482,
20152541,3.04
20152582,9.03
20152641,8.33
20152745,8.19
20152746,5.72
20152762,7.67
20152781,6.85
20152782,7.25
20152801,7.41
20152806,8.71
20152866,6.91
20152869,6.82
20152870,8.23
20152871,8.4
20152881,0.0
20152922,
20152962,7.3
20152963,6.98
20152981,
20153001,5.96
20153022,7.84
20153023,
20153024,
20153025,
20153037,6.36
20153039,8.5
20153043,
20153061,
20153068,8.0
20153072,0.0
20153073,
20153077,
20153083,8.53
20153084,4.96
20153087,7.51
20153102,
20153107,
20153161,
20153166,
20153182,7.08
20153185,
20153188,
20153190,
20153192,
20153199,6.14
20153201,6.46
20153282,
20153284,
20153303,
20153306,
20153307,8.09
20153311,9.32
20153313,8.7
20153316,9.08
20153317,8.62
20153361,7.14
20153385,7.87
20153401,6.46
20153422,6.88
20153443,6.81
20153444,
20153446,
20153447,6.13
20153450,
20153470,8.37
20153503,8.61
20153521,7.9
20153522,7.96
20153523,5.0
20153535,
20153536,
20153537,
20153538,
20153563,
20153565,7.36
20153617,0.0
20153646,
20153702,8.74
20153741,8.37
20153761,6.73
20153781,8.21
20153801,7.3
20153802,7.71
20153803,8.74
20153821,8.51
20153841,
20153863,8.0
20153943,0.0
20153981,8.77
20153982,8.96
20154001,7.82
20154081,5.48
20154128,7.67
20154141,7.76
20154161,8.53
20154162,8.84
20154163,7.38
20154207,4.79
20154241,5.48
20154242,8.59
20154243,7.0
20154263,
20154281,
20154301,
20154323,8.0
20154342,9.2
20154343,9.5
20154346,0.0
20154377,7.11
20154383,4.5
20154427,8.82
20154428,8.78
20154429,8.66
20154451,7.03
20154484,
20154521,
20154523,
20154601,7.81
20154605,
20154621,4.19
20154661,8.34
20154674,6.84
20154729,
20154730,8.35
20154732,
20154734,9.14
20154740,6.89
20154762,
20154780,
20154802,
20154803,8.05
20154805,7.81
20154807,7.79
20154861,7.92
20154862,4.67
20154881,4.66
20154902,6.88
20154905,8.45
20154906,
20154907,6.07
20154908,
20154909,
20154910,
20154942,
20154944,
20154945,4.67
20155010,5.17
20155020,8.94
20155021,8.33
20155022,5.97
20155042,6.56
20155054,7.66
20155057,
20155101,8.42
20155174,8.37
20155201,6.12
20155202,
20155221,8.0
20155223,4.31
20155224,7.67
20155241,
20155245,
20155249,9.12
20155260,8.94
20155272,8.78
20155273,6.41
20155274,5.48
20155275,3.58
20155276,7.84
20155277,
20155282,7.9
20155283,3.26
20155301,7.62
20155321,7.82
20155322,6.77
20155324,6.12
20155335,7.76
20155381,7.58
20155382,7.32
20155385,8.51
20155386,
20155387,
20155388,
20155389,
20155390,
20155391,7.37
20155422,8.78
20155423,8.28
20155441,6.55
20155473,9.33
20155483,9.16
20155485,8.24
20155486,8.0
20155489,9.5
20155491,8.31
20155492,
20155501,
20155535,
20155536,
20155537,8.16
20155547,8.07
20155562,8.13
20155563,8.65
20155601,7.13
20155602,
20155639,7.1
20155646,8.51
20155683,
20155690,
20155700,0.0
20155702,8.62
20155725,8.98
20155736,7.93
20155738,8.04
20155740,7.85
20155743,
20155744,4.96
20155748,9.01
20155750,
20155761,
20155762,7.26
20155763,
20155805,7.78
20155823,9.54
20155826,
20155845,
20155874,8.85
20155879,
20155881,7.95
20155923,4.3
20155925,
20155926,
20155927,
20156007,
20156047,6.46
20156049,
20156050,7.09
20156062,7.75
20156063,
20156080,3.19
20156082,10.0
20156083,9.09
20156101,8.39
20156102,8.75
20156161,7.99
20156166,6.32
20156182,7.24
20156188,5.94
20156207,
20156241,8.7
20156242,2.43
20156250,8.02
20156275,8.19
20156281,8.42
20156301,
20156321,
20156322,8.33
20156352,5.77
20156353,6.73
20156360,7.57
20156362,
20156383,7.57
20156385,8.0
20156401,7.07
20156402,7.76
20156441,7.56
20156491,
20156498,
20156547,
20156548,
20156549,
20156550,
20156551,
20156552,
20156553,
20156554,4.85
20156557,8.47
20156559,8.78
20156562,5.87
20156564,
20156570,
20156629,
20156643,7.87
20156644,8.63
20156663,7.75
20156681,7.79
20156704,5.84
20156708,7.28
20156709,4.75
20156720,
20156730,5.65
20156732,7.36
20156736,
20156747,
20156748,
20156749,7.35
20156754,8.24
20156755,
20156759,7.89
20156762,6.63
20156801,
20156807,8.8
20156824,
20156841,8.36
20156870,6.31
20156902,
20156904,
20156907,
20156923,9.5
20156925,7.39
20156942,8.24
20156961,7.47
20156962,7.34
20156963,7.86
20156967,7.45
20156969,5.58
20156970,8.59
20156973,8.03
20156977,
20156981,
20156982,
20157001,6.69
20157021,8.17
20157022,6.12
20157023,8.25
20157024,8.36
20157041,7.86
20157042,7.15
20157061,
20157064,5.22
20157065,7.82
20157096,
20157105,
20157121,
20157155,
20157158,8.27
20157163,
20157175,8.56
20157176,8.13
20157191,6.01
20157197,6.72
20157205,8.4
20157215,
20157216,
20157217,
20157221,6.97
20157223,
20157292,7.36
20157306,8.94
20157321,7.93
20157324,7.11
20157357,8.07
20157358,
20157367,5.0
20157394,
20157421,9.03
20157431,4.98
20157432,7.03
20157434,
20157441,4.04
20157464,6.82
20157465,6.94
20157466,8.47
20157501,6.55
20157503,4.92
20157531,4.25
20157552,9.0
20157561,6.75
20157562,
20157569,7.99
20157584,8.1
20157586,
20157587,
20157588,8.58
20157591,8.64
20157602,7.16
20157603,5.66
20157624,7.27
20157628,
20157629,0.0
20157631,4.18
20157686,
20157687,0.0
20157702,
20157781,5.98
20157782,8.16
20157784,7.33
20157881,8.75
20157883,8.41
20157904,6.79
20157986,3.21
20157989,8.43
20157998,6.96
20158002,
20158004,
20158005,
20158006,
20158019,
20158020,0.0
20158022,9.0
20158042,
20158044,8.88
20158047,7.81
20158061,8.17
20158062,
20158068,3.32
20158069,8.3
20158076,
20158082,
20158091,
20158123,
20158141,9.94
20158143,8.0
20158144,10.0
20158145,10.0
20158146,0.0
20158150,8.67
20158161,9.04
20158182,6.54
20158184,0.0
20158192,6.15
20158201,
20158203,
20158231,
20158232,
20158233,
20158234,
20158235,
20158236,
20158240,3.45
20158241,7.6
20158242,5.8
20158283,7.04
20158304,
20158320,5.5
20158326,0.0
20158345,
20158346,
20158358,7.84
20158359,9.53
20158385,8.78
20158386,
20158387,
20158401,8.95
20158403,
20158405,
20158407,
20158428,
20158439,
20158461,9.08
20158481,6.57
20158482,9.36
20158483,8.49
20158484,8.79
20158485,8.45
20158492,6.98
20158502,
20158504,6.18
20158518,8.48
20158529,
20158561,
20158595,
20158596,
20158621,
20158622,6.68
20158643,6.88
20158644,
20158670,7.38
20158682,6.66
20158701,5.34
20158702,4.74
20158703,
20158704,
20158705,
20158741,
20158742,8.11
20158743,9.14
20158744,7.88
20158745,5.24
20158762,
20158771,8.02
20158795,7.85
20158797,8.47
20158798,5.41
20158799,
20158806,
20158821,7.6
20158822,8.18
20158824,6.49
20158833,
20158836,6.98
20158841,5.65
20158881,5.51
20158882,
20158883,
20158884,7.8
20158885,7.08
20158886,7.63
20158887,8.83
20158888,8.06
20158889,8.72
20158901,
20158902,
20158903,
20158904,5.92
20158905,7.92
20158909,7.59
20158910,7.46
20158911,7.05
20158942,4.53
20158943,6.4
20158949,8.54
20158951,8.69
20158962,
20158963,
20158964,
20158967,
20158971,9.75
20158981,8.42
20158982,5.67
20158984,7.62
20159001,5.65
20159002,9.42
20159041,
20159042,
20159058,
20159059,
20159063,
20159064,7.4
20159081,6.25
20159101,
20159102,8.51
20159123,
20159141,7.11
20159161,7.76
20159162,7.36
20159191,7.2
20159199,8.48
20159206,
20159221,
20159223,
20159224,7.05
20159226,
20159286,7.47
20159301,8.06
20159307,0.0
20159311,8.68
20159364,8.67
20159382,5.07
20159404,
20159421,7.64
20159422,
20159427,
20159428,8.37
20159442,8.15
20159445,7.42
20159447,7.81
20159506,
20159507,8.04
20159510,8.45
20159521,8.12
20159573,5.15
20159582,7.57
20159622,
20159623,
20159624,7.17
20159627,7.82
20159641,7.84
20159643,7.9
20159644,7.71
20159645,8.3
20159646,8.42
20159647,
20159648,7.22
20159655,8.99
20159657,
20159686,
20159705,
20159748,7.27
20159754,
20159759,
20159760,
20159765,
20159772,7.3
20159773,
20159901,8.16
20159965,8.98
20160021,0.0
20160041,6.73
20160062,0.0
20160068,4.24
20160097,5.6
20160129,7.0
20160141,0.0
20160142,
20160143,8.24
20160203,
20160221,
20160222,
20160223,
20160241,
20160261,6.89
20160401,
20160443,
20160461,
20160463,
20160464,
20160465,8.94
20160472,6.01
20160477,7.25
20160483,
20160484,
20160501,
20160503,8.65
20160504,7.79
20160510,7.14
20160522,7.08
20160644,8.11
20160645,
20160681,6.47
20160703,8.43
20160741,4.0
20160743,9.67
20160746,
20160761,
20160781,8.1
20160821,7.53
20160841,7.91
20160862,
20160864,
20160871,6.47
20160876,
20160881,8.48
20160941,4.15
20160942,9.27
20161021,
20161081,
20161082,
20161083,1.0
20161084,7.96
20161085,0.0
20161141,7.41
20161162,5.91
20161165,8.47
20161167,
20161188,
20161201,8.47
20161221,
20161286,8.2
20161287,7.47
20161304,8.17
20161323,
20161342,6.18
20161364,7.85
20161366,8.32
20161382,8.52
20161383,7.64
20161407,6.77
20161461,8.67
20161462,7.78
20161468,7.08
20161481,5.28
20161502,7.9
20161524,8.7
20161527,8.5
20161561,7.7
20161566,7.61
20161568,6.59
20161569,
20161583,6.51
20161584,3.82
20161587,
20161588,
20161589,
20161594,8.35
20161598,9.05
20161603,
20161604,
20161605,6.11
20161630,8.04
20161662,7.02
20161665,8.58
20161681,4.96
20161692,0.0
20161694,
20161695,
20161696,
20161697,
20161698,
20161701,9.04
20161703,
20161715,
20161716,
20161721,7.98
20161722,8.41
20161723,8.24
20161724,
20161725,
20161726,7.71
20161744,
20161745,5.55
20161761,6.06
20161762,7.5
20161763,9.26
20161781,8.57
20161783,5.0
20161784,
20161785,0.0
20161788,8.31
20161789,8.02
20161790,8.37
20161791,6.84
20161796,
20161799,
20161801,
20161805,8.77
20161806,7.28
20161821,7.07
20161827,9.06
20161842,8.9
20161843,7.16
20161870,8.83
20161872,8.75
20161881,
20161905,7.35
20161907,
20161910,
20161911,5.17
20161921,7.11
20161922,6.45
20161923,7.59
20161941,9.2
20161961,7.06
20161964,9.02
20161968,7.45
20161971,6.21
20161974,8.04
20161976,6.89
20161977,
20161979,8.01
20162001,5.05
20162002,8.98
20162004,4.27
20162005,6.17
20162009,4.93
20162021,7.24
20162022,
20162024,6.93
20162025,8.96
20162026,
20162042,
20162052,
20162053,
20162054,
20162055,0.0
20162063,6.08
20162065,7.56
20162071,
20162073,
20162074,7.0
20162101,8.07
20162109,8.07
20162121,
20162122,
20162140,0.0
20162145,6.97
20162147,8.58
20162161,6.28
20162181,7.58
20162183,8.74
20162201,8.4
20162205,4.38
20162206,8.11
20162207,6.22
20162221,
20162222,
20162225,
20162226,
20162227,
20162242,7.17
20162244,8.61
20162245,8.59
20162246,
20162283,6.52
20162293,0.0
20162299,7.6
20162300,7.95
20162321,
20162343,
20162361,8.15
20162365,9.55
20162381,9.18
20162382,8.95
20162404,7.4
20162421,8.0
20162424,0.0
20162431,8.59
20162432,7.0
20162442,8.3
20162461,
20162467,
20162468,
20162481,
20162484,
20162485,
20162487,0.0
20162496,6.17
20162499,
20162501,
20162503,5.11
20162504,8.59
20162512,
20162521,5.96
20162526,
20162541,
20162542,
20162545,8.67
20162546,5.05
20162564,5.74
20162565,8.13
20162568,8.16
20162569,9.2
20162572,6.38
20162581,5.04
20162585,6.49
20162607,6.87
20162608,8.97
20162609,5.06
20162621,5.57
20162627,7.3
20162628,7.0
20162629,8.9
20162661,
20162662,6.91
20162681,8.02
20162684,8.63
20162701,5.74
20162704,0.0
20162721,5.35
20162722,
20162727,
20162741,
20162762,7.07
20162765,7.0
20162787,7.54
20162829,6.35
20162844,
20162846,5.88
20162852,3.39
20162869,9.04
20162871,7.39
20162873,8.52
20162875,
20162880,
20162881,7.27
20162885,
20162886,0.0
20162902,
20162924,6.45
20162925,
20162926,9.03
20162927,9.75
20162928,7.53
20162941,
20162962,
20162963,
20162967,8.44
20162968,8.3
20162969,9.07
20162970,8.37
20162971,7.21
20162972,8.8
20162979,9.48
20162982,6.75
20162983,7.29
20162986,8.08
20162995,
20163011,
20163012,
20163013,8.0
20163014,8.46
20163017,8.33
20163018,9.02
20163019,7.94
20163020,7.07
20163041,9.3
20163043,7.91
20163045,7.28
20163049,8.87
20163054,
20163055,
20163057,
20163058,7.86
20163063,10.0
20163081,8.08
20163082,8.38
20163087,9.17
20163098,7.8
20163099,8.33
20163107,8.82
20163121,6.76
20163122,9.0
20163123,
20163124,
20163128,9.33
20163137,8.82
20163152,6.0
20163155,8.1
20163163,6.33
20163164,8.76
20163174,8.0
20163181,8.71
20163182,7.19
20163183,8.45
20163184,
20163185,
20163186,7.46
20163189,8.61
20163194,6.96
20163195,7.79
20163196,8.24
20163199,4.73
20163200,9.13
20163201,8.32
20163202,7.96
20163215,8.49
20163216,5.0
20163217,7.37
20163218,
20163220,6.45
20163251,6.79
20163258,
20163285,9.44
20163294,7.92
20163305,5.64
20163314,8.33
20163319,1.0
20163321,7.48
20163322,9.22
20163323,
20163343,
20163350,6.84
20163352,7.47
20163361,8.51
20163364,10.0
20163365,
20163366,9.0
20163367,
20163373,0.0
20163374,8.27
20163411,9.01
20163441,
20163443,
20163444,2.8
20163464,8.65
20163521,9.0
20163522,
20163523,4.18
20163577,
20163580,
20163603,8.93
20163661,7.65
20163665,4.38
20163669,
20163701,
20163702,7.72
20163703,6.78
20163721,6.44
20163743,8.0
20163747,
20163748,8.0
20163761,7.14
20163765,6.5
20163784,10.0
20163803,8.57
20163804,0.0
20163822,6.06
20163823,0.0
20163824,9.18
20163841,8.18
20163842,7.26
20163845,8.73
20163854,8.01
20163856,8.55
20163871,
20163878,
20163881,
20163884,8.73
20163887,8.06
20163903,8.0
20163906,9.01
20163961,8.54
20163962,6.77
20163963,6.13
20163965,
20163981,8.9
20163990,
20163995,
20164001,
20164002,
20164021,
20164041,8.09
20164048,
20164062,
20164064,
20164094,7.35
20164105,
20164125,
20164127,
20164129,
20164130,
20164133,
20164134,
20164140,
20164145,
20164156,
20164158,8.61
20164160,8.52
20164162,
20164169,
20164171,
20164172,
20164173,2.38
20164174,6.51
20164198,0.0
20164203,0.0
20164204,
20164281,7.42
20164303,2.43
20164304,9.4
20164321,0.0
20164322,8.9
20164323,
20164381,
20164382,
20164383,
20164384,
20164387,7.17
20164388,
20164389,9.06
20164390,
20164403,
20164404,3.96
20164421,7.09
20164424,6.9
20164461,
20164481,
20164485,
20164501,8.45
20164503,8.0
20164521,8.37
20164526,8.11
20164527,6.53
20164541,4.13
20164582,
20164621,8.29
20164626,
20164641,7.54
20164642,
20164643,
20164645,
20164646,
20164649,
20164662,7.74
20164721,8.79
20164741,5.26
20164746,
20164747,7.36
20164765,8.5
20164825,7.44
20164826,6.08
20164829,8.45
20164844,6.24
20164845,7.54
20164852,8.8
20164854,7.3
20164855,7.47
20164857,
20164859,
20164873,
20164874,
20164888,
20164926,
20164927,
20164928,8.14
20164941,0.0
20164942,
20164943,
20164947,
20164948,
20164951,9.5
20164961,6.23
20164981,3.73
20165001,7.97
20165041,
20165042,
20165045,
20165061,5.82
20165062,
20165066,
20165068,
20165069,
20165071,
20165072,
20165074,
20165075,
20165076,
20165126,
20165130,8.13
20165141,7.97
20165144,
20165152,4.82
20165153,8.56
20165201,8.09
20165203,6.41
20165231,
20165261,
20165263,
20165281,7.99
20165284,5.92
20165285,9.02
20165287,
20165322,
20165344,6.35
20165367,4.9
20165371,6.03
20165375,
20165381,2.59
20165401,8.32
20165423,3.0
20165441,
20165443,
20165444,3.87
20165450,
20165463,
20165464,
20165502,5.99
20165504,0.0
20165521,7.67
20165524,4.2
20165543,9.01
20165561,
20165562,8.07
20165622,0.0
20165662,4.67
20165723,6.89
20165724,
20165745,
20165746,
20165748,7.62
20165785,
20165801,8.18
20165822,7.91
20165843,8.74
20165861,4.58
20165862,4.55
20165901,9.4
20165925,
20165927,8.06
20165941,
20165961,8.72
20165972,0.0
20165981,7.8
20166023,7.57
20166041,4.75
20166077,
20166083,6.11
20166101,
20166127,
20166128,6.4
20166130,6.61
20166132,8.71
20166146,
20166163,7.0
20166165,8.67
20166168,0.0
20166172,7.82
20166241,
20166261,7.14
20166322,
20166323,
20166361,
20166362,7.18
20166363,7.14
20166384,7.06
20166401,8.17
20166403,7.25
20166421,8.5
20166422,7.75
20166441,6.18
20166462,4.75
20166464,0.0
20166468,
20166488,
20166520,
20166541,
20166542,0.0
20166543,
20166544,0.0
20166546,4.11
20166602,6.82
20166664,7.57
20166665,
20166707,7.1
20166721,7.51
20166761,5.71
20166762,
20166783,
20166826,5.22
20166845,0.0
20166882,5.39
20166901,
20166903,1.0
20166909,8.48
20166912,
20166967,6.29
20167005,4.99
20167007,6.01
20167041,
20167082,
20167102,
20167127,
20167148,8.06
20167150,6.54
20167154,8.62
20167155,6.0
20167159,7.6
20167181,
20167185,
20167203,8.94
20167245,8.0
20167261,6.6
20167281,6.69
20167284,
20167285,8.83
20167286,
20167301,
20167303,
20167324,9.17
20167362,7.24
20167363,9.35
20167364,9.3
20167481,
20167541,
20167542,
20167562,
20167563,8.29
20167567,8.67
20167628,8.71
20167635,8.33
20167642,9.0
20167643,0.0
20167644,
20167645,8.73
20167661,9.5
20167689,0.0
20167713,
20167716,
20167719,
20167723,0.0
20167802,
20167821,8.74
20167829,8.0
20167839,8.26
20167843,5.53
20167861,9.0
20167862,
20167864,
20167867,7.53
20167885,
20167901,
20167902,7.95
20167903,6.65
20167904,8.59
20167905,5.97
20167906,8.24
20167922,9.21
20167968,
20167982,
20167986,
20168021,8.54
20168041,
20168083,
20168085,
20168086,
20168087,
20168088,
20168089,
20168090,
20168104,
20168125,2.0
20168126,1.33
20168146,6.34
20168148,4.08
20168149,
20168154,
20168161,
20168182,7.69
20168183,7.76
20168201,4.87
20168221,7.57
20168232,8.0
20168233,10.0
20168237,
20168241,7.05
20168246,
20168250,5.21
20168261,
20168282,7.98
20168323,4.99
20168324,
20168341,0.0
20168342,6.88
20168361,8.54
20168365,8.21
20168366,8.27
20168381,8.86
20168401,7.78
20168446,
20168462,
20168501,
20168523,6.9
20168546,7.54
20168592,9.2
20168593,10.0
20168594,9.04
20168595,6.74
20168609,8.2
20168611,7.61
20168612,4.38
20168624,
20168643,
20168664,
20168667,9.0
20168668,
20168669,8.25
20168684,7.93
20168688,8.38
20168689,
20168710,10.0
20168711,10.0
20168721,7.73
20168722,7.72
20168742,7.74
20168746,5.13
20168747,7.46
20168750,9.02
20168754,6.55
20168764,
20168766,
20168769,
20168773,6.37
20168781,
20168782,7.04
20168807,9.5
20168822,5.86
20168842,8.39
20168863,6.0
20168883,
20168885,8.84
20168891,9.14
20169028,
20169034,
20169105,
20169122,6.39
20169123,
20169126,
20169127,
20169266,
20169269,8.68
20169270,8.18
20169284,9.43
20169348,7.28
20169366,7.65
20169383,
20169425,8.75
20169427,10.0
20169443,8.11
20169463,9.33
20169464,3.41
20169603,5.93
20169643,7.79
20169686,
20169728,9.67
20169730,6.98
20169764,
20169907,
20169986,
20170001,7.25
20170002,
20170003,7.07
20170005,7.31
20170006,8.02
20170017,8.84
20170022,7.33
20170024,
20170025,7.47
20170026,3.75
20170030,
20170032,
20170083,
20170084,
20170085,
20170086,
20170103,
20170104,
20170105,
20170106,
20170107,
20170108,
20170109,
20170110,
20170114,
20170124,
20170163,
20170166,
20170168,
20170169,
20170185,
20170221,
20170241,7.66
20170246,0.0
20170247,8.67
20170263,5.5
20170268,6.84
20170272,
20170301,
20170302,
20170305,5.36
20170307,2.4
20170321,8.43
20170341,7.07
20170342,8.4
20170347,8.84
20170364,8.41
20170365,
20170366,
20170369,
20170381,
20170382,
20170383,
20170384,
20170386,7.5
20170387,8.2
20170389,7.55
20170402,8.34
20170421,9.01
20170422,9.32
20170442,7.39
20170443,6.55
20170444,5.0
20170509,8.92
20170510,
20170511,
20170513,
20170525,6.81
20170526,
20170531,
20170533,
20170561,7.49
20170568,
20170582,
20170586,
20170587,
20170590,9.23
20170602,
20170603,
20170605,
20170607,8.55
20170609,
20170623,7.44
20170624,6.64
20170625,
20170628,8.15
20170642,
20170646,
20170652,
20170653,
20170656,
20170658,
20170669,
20170670,4.91
20170682,8.25
20170688,
20170689,
20170690,7.59
20170722,0.0
20170725,
20170741,
20170761,7.43
20170787,
20170791,
20170827,
20170828,
20170841,8.77
20170861,5.19
20170883,8.36
20170902,9.0
20170921,
20170922,9.0
20170931,8.6
20170932,
20170933,
20170941,
20170942,
20170964,
20170982,8.29
20170983,6.11
20171002,8.32
20171022,8.03
20171024,8.05
20171027,1.0
20171059,6.0
20171062,7.42
20171089,
20171090,7.99
20171105,
20171121,
20171122,
20171141,8.25
20171142,
20171143,
20171164,7.85
20171225,9.5
20171264,10.0
20171265,8.1
20171281,8.41
20171283,
20171312,8.24
20171369,
20171381,
20171384,
20171423,6.79
20171501,
20171522,
20171549,
20171644,8.26
20171661,7.02
20171662,7.78
20171681,7.71
20171688,8.1
20171742,
20171743,
20171762,
20171764,
20171781,
20171801,8.45
20171815,7.42
20171817,8.77
20171818,
20171841,7.95
20171885,8.7
20171909,7.9
20171923,9.18
20171962,8.4
20171986,8.93
20172001,
20172031,
20172035,
20172064,
20172122,7.96
20172124,8.23
20172125,8.37
20172141,
20172142,8.31
20172148,7.87
20172161,9.11
20172163,0.0
20172167,6.44
20172187,
20172201,
20172204,
20172205,
20172222,
20172241,7.63
20172244,5.11
20172262,
20172307,5.84
20172354,10.0
20172381,9.14
20172388,9.16
20172401,5.07
20172403,3.21
20172404,9.26
20172405,9.41
20172424,5.64
20172443,
20172444,8.0
20172445,0.0
20172446,10.0
20172464,10.0
20172469,9.28
20172492,
20172508,8.32
20172509,3.75
20172522,5.14
20172541,8.56
20172585,0.0
20172586,7.33
20172601,8.45
20172602,
20172603,7.27
20172609,
20172625,
20172626,
20172627,8.47
20172641,9.44
20172642,8.86
20172662,4.0
20172682,3.47
20172702,7.7
20172704,
20172706,
20172707,
20172722,
20172725,
20172741,
20172742,
20172757,
20172758,
20172759,
20172767,8.55
20172775,
20172778,
20172802,6.84
20172822,4.71
20172861,7.49
20172863,5.5
20172865,
20172866,6.43
20172883,
20172921,
20172941,
20172942,
20172962,4.88
20172964,5.89
20173001,
20173035,6.9
20173061,8.34
20173091,3.88
20173092,9.21
20173094,
20173095,
20173096,
20173121,
20173181,
20173202,
20173235,
20173264,
20173266,
20173284,
20173286,
20173301,9.18
20173302,9.5
20173321,0.0
20173322,7.0
20173383,9.83
20173384,
20173385,8.65
20173402,
20173403,
20173407,
20173409,8.5
20173423,0.0
20173428,
20173436,8.36
20173444,
20173451,
20173463,
20173481,
20173482,
20173484,
20173494,
20173501,
20173503,
20173504,
20173547,5.3
20173551,6.2
20173561,2.38
20173581,8.16
20173601,8.67
20173612,8.26
20173631,7.52
20173642,7.94
20173661,8.35
20173662,
20173690,
20173693,
20173694,
20173721,8.33
20173724,7.26
20173732,8.23
20173734,8.08
20173745,7.65
20173750,8.0
20173804,8.59
20173805,
20173806,7.16
20173826,4.74
20173833,
20173835,
20173838,
20173865,4.52
20173881,9.0
20173882,6.48
20173903,3.81
20173923,6.94
20173929,7.81
20173931,7.39
20173932,8.39
20173942,7.26
20173945,8.93
20173947,0.0
20173961,7.79
20173962,8.81
20173965,
20173991,6.68
20173993,7.83
20173995,6.71
20174008,4.49
20174010,6.98
20174023,8.16
20174042,8.9
20174061,8.67
20174062,
20174063,
20174064,
20174065,
20174073,8.82
20174081,
20174103,7.1
20174142,9.37
20174164,8.43
20174165,9.34
20174182,7.5
20174186,8.26
20174187,2.71
20174198,
20174199,
20174203,
20174222,6.82
20174225,4.51
20174241,9.1
20174243,8.92
20174244,9.38
20174261,8.78
20174264,8.83
20174265,6.74
20174281,6.32
20174282,
20174283,8.74
20174284,7.25
20174301,6.1
20174323,7.98
20174324,
20174325,
20174331,3.89
20174341,
20174348,
20174349,
20174369,7.66
20174371,4.57
20174403,
20174404,
20174423,7.75
20174424,
20174426,6.98
20174442,7.36
20174461,7.35
20174468,
20174471,6.57
20174472,7.38
20174482,3.08
20174501,
20174561,8.85
20174562,5.0
20174581,7.11
20174583,
20174585,7.08
20174589,4.83
20174601,7.72
20174602,8.91
20174603,6.7
20174621,
20174622,
20174641,6.9
20174642,8.6
20174643,4.66
20174644,
20174645,6.57
20174647,8.31
20174663,7.93
20174684,5.5
20174701,6.44
20174702,
20174703,
20174721,
20174741,6.73
20174742,6.48
20174743,4.0
20174761,6.3
20174762,
20174769,
20174773,
20174774,
20174775,
20174778,9.18
20174782,
20174784,
20174787,
20174788,
20174794,
20174797,
20174801,9.17
20174803,7.52
20174810,
20174812,
20174813,
20174815,
20174816,
20174821,
20174833,
20174841,6.49
20174846,9.17
20174863,6.33
20174882,7.01
20174902,7.32
20174921,5.5
20174961,7.48
20174962,7.45
20174964,8.21
20174965,8.85
20174967,
20174981,
20174983,
20175021,5.7
20175022,7.52
20175023,
20175042,4.38
20175046,8.88
20175047,9.09
20175054,7.85
20175058,8.17
20175085,
20175102,8.43
20175121,
20175122,
20175142,9.14
20175143,8.09
20175184,6.75
20175204,7.65
20175208,9.27
20175215,8.33
20175217,
20175221,6.97
20175222,8.39
20175223,8.83
20175242,
20175243,
20175244,
20175245,8.43
20175262,8.26
20175263,7.69
20175279,
20175288,7.05
20175303,7.71
20175362,6.22
20175423,5.81
20175441,8.73
20175461,7.2
20175481,
20175484,
20175485,
20175486,
20175501,5.5
20175502,5.54
20175504,4.08
20175521,3.67
20175522,8.5
20175527,5.79
20175547,8.37
20175581,8.43
20175587,8.57
20175601,9.07
20175604,8.96
20175611,
20175625,
20175662,7.76
20175702,5.22
20175721,8.86
20175722,
20175724,10.0
20175775,8.08
20175810,
20175811,8.16
20175821,10.0
20175830,4.44
20175834,
20175841,
20175865,
20175867,
20175885,
20175903,8.57
20175922,
20175926,
20175930,9.19
20175942,7.42
20175943,8.37
20175962,8.73
20175981,5.66
20175982,5.43
20176006,
20176017,
20176022,8.89
20176025,7.44
20176041,9.35
20176042,
20176043,
20176044,
20176049,8.32
20176051,7.24
20176052,
20176053,8.81
20176061,
20176062,
20176063,
20176067,8.68
20176069,7.14
20176070,8.59
20176071,9.01
20176082,8.31
20176083,8.45
20176101,6.34
20176102,6.45
20176104,8.91
20176106,
20176121,
20176122,8.0
20176141,7.49
20176161,7.69
20176167,5.5
20176169,7.28
20176201,7.03
20176206,9.0
20176231,7.33
20176232,9.4
20176251,8.19
20176345,
20176365,
20176367,
20176421,
20176422,8.46
20176511,6.03
20176513,7.51
20176514,6.64
20176561,8.2
20176562,7.69
20176581,5.7
20176603,7.67
20176624,7.0
20176666,4.28
20176679,
20176682,
20176683,
20176712,8.0
20176715,9.06
20176717,9.11
20176741,8.71
20176742,6.71
20176743,7.0
20176761,8.13
20176764,8.43
20176765,6.0
20176766,
20176767,
20176769,
20176781,
20176783,5.43
20176784,7.8
20176785,8.43
20176802,
20176803,
20176807,
20176814,6.24
20176821,
20176823,
20176825,
20176848,
20176849,
20176901,
20176917,8.29
20176947,9.44
20176961,7.94
20176962,5.15
20176963,6.89
20176971,5.5
20176983,9.14
20177005,4.9
20177041,8.13
20177063,
20177081,
20177086,8.01
20177095,
20177101,8.18
20177103,4.78
20177104,8.88
20177105,
20177106,
20177144,9.0
20177181,7.24
20177202,7.88
20177203,
20177207,
20177221,
20177223,8.33
20177227,
20177245,5.36
20177266,6.57
20177281,0.0
20177308,7.37
20177341,8.31
20177342,8.17
20177347,8.61
20177351,4.36
20177361,
20177365,
20177461,
20177468,4.99
20177473,8.92
20177475,
20177478,8.95
20177479,8.15
20177480,
20177486,
20177487,
20177488,
20177489,
20177490,
20177491,
20177501,
20177523,
20177524,
20177525,
20177527,
20177528,
20177531,
20177532,0.0
20177533,
20177534,6.87
20177537,
20177538,
20177541,
20177543,
20177544,
20177545,
20177546,
20177547,
20177548,
20177549,
20177550,
20177552,8.16
20177601,
20177602,6.79
20177681,
20177701,7.14
20177750,5.62
20177761,7.73
20177784,
20177785,
20177801,
20177803,
20177845,8.1
20177915,7.07
20177925,8.18
20177926,7.0
20177929,6.15
20177934,5.36
20177945,1.0
20177946,8.32
20177950,8.08
20177962,7.87
20177963,
20177965,6.72
20177981,5.89
20177983,8.83
20178061,
20178101,
20178121,6.77
20178126,6.84
20178141,4.02
20178143,6.13
20178161,8.41
20178180,
20178181,
20178184,10.0
20178190,4.75
20178203,10.0
20178221,6.81
20178228,9.14
20178230,8.11
20178237,
20178242,0.0
20178295,7.8
20178321,8.62
20178345,
20178348,
20178395,
20178403,
20178421,
20178424,8.46
20178443,3.4
20178444,9.43
20178448,1.0
20178449,8.84
20178461,8.94
20178469,7.96
20178490,9.27
20178521,5.32
20178522,
20178543,
20178561,
20178581,8.01
20178582,6.5
20178603,
20178641,8.87
20178642,
20178646,6.61
20178647,9.27
20178666,9.07
20178669,4.61
20178672,
20178703,
20178706,
20178721,3.0
20178762,7.9
20178781,6.99
20178801,8.94
20178808,4.6
20178825,6.17
20178843,6.33
20178863,6.0
20178881,6.47
20178887,
20178921,
20178922,3.66
20178941,8.07
20178942,7.46
20178964,3.27
20178970,0.0
20178982,8.09
20179001,
20179002,4.5
20179006,4.26
20179039,
20179044,
20179047,
20179068,5.0
20179069,
20179085,8.84
20179086,8.01
20179101,6.84
20179106,7.35
20179123,8.07
20179130,9.14
20179162,
20179163,7.6
20179165,
20179186,
20179187,
20179189,8.32
20179205,6.63
20179207,
20179226,8.45
20179228,9.36
20179230,6.07
20179245,
20179263,7.42
20179281,8.2
20179286,8.72
20179302,
20179303,
20179304,
20179323,3.75
20179344,8.78
20179382,8.13
20179383,7.53
20179407,6.78
20179421,8.22
20179425,6.74
20179442,5.66
20179462,9.38
20179481,7.57
20179491,
20179521,
20179561,
20179562,6.47
20179569,7.49
20179570,5.37
20179603,5.43
20179604,4.93
20179622,8.03
20179662,7.17
20179694,3.48
20179696,9.01
20179731,7.33
20179732,
20179807,
20179809,
20179826,5.42
20179829,1.0
20179862,6.14
20179887,
20179888,
20179889,
20179901,7.92
20179928,0.0
20179936,8.73
20179942,
20179961,
20179982,
20179983,
20179984,
20179985,9.26
20180021,
20180043,
20180047,
20180063,6.86
20180082,7.5
20180085,0.0
20180113,6.67
20180127,6.46
20180141,
20180142,
20180163,8.44
20180167,5.33
20180225,6.5
20180261,8.9
20180281,
20180282,5.09
20180290,8.35
20180302,7.39
20180321,7.88
20180325,
20180329,
20180333,
20180341,8.56
20180342,
20180352,
20180353,
20180367,
20180374,
20180401,7.68
20180441,
20180481,
20180522,
20180523,
20180542,7.96
20180564,6.47
20180610,
20180622,4.95
20180624,6.61
20180628,7.06
20180664,8.1
20180671,8.91
20180695,
20180721,6.85
20180761,
20180770,
20180782,0.0
20180789,7.85
20180791,1.0
20180801,8.33
20180803,6.63
20180804,6.42
20180824,6.67
20180869,8.31
20180872,
20180874,
20180875,
20180876,
20180882,
20180901,7.47
20180927,
20180929,7.41
20180931,8.39
20180943,8.46
20180947,3.0
20180986,4.0
20180987,6.29
20181001,7.0
20181026,8.42
20181082,
20181084,8.58
20181086,6.87
20181094,8.56
20181103,7.89
20181142,7.81
20181161,5.77
20181163,7.6
20181168,9.5
20181169,9.8
20181170,6.47
20181171,9.18
20181181,9.12
20181191,
20181197,
20181199,10.0
20181222,
20181262,5.08
20181301,0.0
20181310,8.24
20181318,7.25
20181363,
20181365,7.94
20181366,7.6
20181367,9.38
20181404,6.08
20181443,7.65
20181462,
20181466,5.5
20181481,4.22
20181502,
20181561,
20181562,
20181563,
20181570,5.58
20181572,0.0
20181579,6.92
20181581,1.0
20181602,
20181603,8.43
20181621,7.02
20181669,
20181722,5.5
20181723,
20181741,
20181762,3.21
20181764,8.33
20181783,7.83
20181788,
20181792,4.0
20181796,8.5
20181803,8.23
20181807,9.06
20181821,8.34
20181823,8.62
20181841,
20181876,
20181879,9.26
20181905,6.71
20181910,7.27
20181942,8.97
20181962,
20181984,8.0
20181988,8.33
20182001,8.44
20182021,9.42
20182043,5.0
20182045,
20182046,
20182049,
20182064,8.25
20182065,8.21
20182068,7.0
20182081,1.0
20182082,7.81
20182121,9.2
20182144,0.0
20182221,8.83
20182250,
20182279,5.88
20182321,
20182322,
20182323,3.65
20182326,7.0
20182327,9.33
20182351,0.0
20182352,8.96
20182358,4.0
20182359,4.8
20182360,7.86
20182382,5.0
20182385,6.73
20182386,
20182403,
20182404,0.0
20182421,
20182444,8.0
20182445,0.0
20182466,7.03
20182494,8.64
20182495,6.33
20182497,
20182524,
20182561,9.44
20182563,
20182564,
20182565,
20182582,6.83
20182583,6.29
20182586,6.4
20182588,6.05
20182605,
20182648,5.0
20182669,8.82
20182670,8.23
20182672,6.3
20182693,7.43
20182701,
20182721,
20182723,
20182729,7.54
20182745,
20182748,6.57
20182753,0.0
20182773,9.05
20182781,7.0
20182841,7.45
20182884,
20182885,
20182886,
20182922,
20182926,
20182928,
20182929,
20182930,
20182931,
20182932,
20182935,8.77
20182961,
20182964,
20182966,4.54
20182967,8.06
20182981,4.75
20182982,
20182984,
20182985,7.71
20182986,9.29
20182989,9.0
20182990,7.53
20183007,7.92
20183009,6.23
20183043,8.88
20183050,9.32
20183063,7.55
20183072,8.0
20183073,9.54
20183074,3.0
20183083,6.75
20183084,8.83
20183089,6.5
20183090,
20183091,0.0
20183092,0.0
20183093,6.0
20183094,0.0
20183095,
20183103,
20183122,0.0
20183123,6.93
20183124,10.0
20183126,9.0
20183127,10.0
20183128,0.0
20183129,8.0
20183133,7.18
20183144,8.79
20183147,10.0
20183161,
20183162,
20183181,
20183195,7.98
20183201,3.59
20183207,4.33
20183210,8.2
20183220,1.0
20183238,9.22
20183253,8.81
20183266,0.0
20183282,
20183283,
20183286,
20183288,
20183291,
20183293,
20183306,8.24
20183307,
20183321,7.16
20183324,7.68
20183342,0.0
20183343,7.73
20183344,9.33
20183345,8.26
20183358,8.5
20183361,9.23
20183374,
20183375,8.98
20183381,8.22
20183383,0.0
20183384,8.11
20183386,9.49
20183387,
20183390,7.88
20183401,8.4
20183405,10.0
20183423,6.48
20183424,
20183479,
20183492,5.0
20183495,5.84
20183502,6.05
20183504,
20183505,8.26
20183541,9.67
20183564,3.78
20183567,
20183573,7.0
20183578,
20183581,7.84
20183584,5.88
20183585,
20183605,7.03
20183634,
20183635,0.0
20183636,
20183637,0.0
20183638,10.0
20183645,6.0
20183648,2.5
20183650,9.01
20183665,
20183666,
20183668,10.0
20183681,5.0
20183683,8.0
20183685,6.54
20183729,
20183741,6.53
20183745,7.74
20183746,2.53
20183747,8.17
20183761,9.88
20183781,
20183785,9.15
20183787,7.96
20183801,7.17
20183802,2.5
20183805,5.67
20183812,
20183816,7.6
20183845,8.54
20183862,0.0
20183915,9.16
20183922,
20183923,
20183925,8.85
20184053,9.27
20184081,4.45
20184083,
20184084,5.78
20184091,9.07
20184101,6.39
20184105,9.07
20184106,8.57
20184124,
20184125,
20184132,
20184148,
20184150,
20184153,
20184155,
20184187,5.57
20184205,
20184241,4.38
20184261,8.06
20184276,8.14
20184304,0.0
20184326,0.0
20184330,0.0
20184381,10.0
20184383,7.7
20184423,1.0
20184425,3.8
20184427,7.0
20184443,7.0
20184461,9.67
20184476,8.42
20184477,
20184478,
20184481,7.55
20184512,5.8
20184513,7.97
20184514,
20184529,
20184531,9.08
20184537,
20184541,10.0
20184574,9.62
20184578,6.4
20184586,4.0
20184642,9.58
20184661,7.5
20184664,0.0
20184668,8.21
20184669,
20184670,5.0
20184678,5.4
20184689,
20184697,10.0
20184699,8.9
20184721,
20184723,10.0
20184762,8.93
20184773,
20184777,
20184782,9.1
20184801,
20184802,8.59
20184803,8.75
20184806,9.21
20184821,9.15
20184842,
20184845,
20184897,10.0
20184903,7.63
20184904,5.0
20184962,4.96
20184981,4.45
20185001,7.02
20185044,
20185046,8.91
20185081,8.62
20185101,0.0
20185105,
20185121,
20185222,
20185242,
20185243,
20185244,
20185245,
20185246,
20185261,
20185262,
20185263,
20185264,
20185265,
20185266,
20185267,
20185268,
20185275,
20185321,
20185341,8.19
20185350,9.13
20185401,7.73
20185482,
20185484,8.5
20185485,9.42
20185521,7.36
20185582,
20185599,
20185621,
20185648,8.13
20185781,
20185861,6.55
20185884,8.02
20185903,7.27
20185924,0.0
20185925,0.0
20186001,8.37
20186069,10.0
20186121,9.23
20186184,7.48
20186185,
20186186,
20186187,
20186188,
20186202,7.71
20186203,
20186204,
20186206,
20186207,
20186209,
20186214,
20186221,
20186224,
20186225,
20186265,10.0
20186281,8.08
20186282,8.58
20186284,
20186321,6.96
20186322,7.0
20186324,
20186361,2.0
20186362,
20186404,5.42
20186462,7.0
20186501,9.24
20186584,7.0
20186645,10.0
20186646,6.24
20186651,9.43
20186657,4.55
20186822,8.29
20186841,5.14
20186881,4.0
20186926,
20186981,
20187101,10.0
20187142,8.81
20187172,
20187221,
20187222,6.0
20187241,6.2
20187285,8.05
20187287,9.75
20187290,0.0
20187294,9.01
20187302,9.43
20187303,
20187304,7.67
20187305,8.09
20187309,
20187387,
20187395,
20187421,6.75
20187427,9.08
20187470,6.11
20187483,
20187521,6.59
20187641,8.76
20187647,7.92
20187655,6.71
20187657,7.4
20187658,5.53
20187660,7.28
20187681,10.0
20187682,9.06
20187683,8.29
20187946,
20187947,
20188003,
20188009,0.0
20188023,
20188024,
20188042,7.53
20188061,
20188062,
20188063,
20188242,9.09
20188261,4.53
20188304,8.83
20188342,
20188422,
20188446,7.61
20188461,3.25
20188481,7.13
20188501,8.16
20188541,7.0
20188567,4.62
20188581,5.83
20188661,7.55
20188688,
20188689,
20188690,
20188702,
20188704,
20188705,
20188707,
20188708,
20188709,
20188710,
20188781,10.0
20188803,4.29
20188824,8.96
20188922,
20189067,9.1
20189069,
20189075,
20189122,
20189123,
20189161,8.5
20189183,9.16
20189241,8.37
20189261,8.72
20189262,6.69
20189268,
20189281,9.33
20189289,6.86
20189326,9.25
20189331,8.77
20189362,9.01
20189382,9.38
20189383,9.07
20189401,5.67
20189409,
20189424,
20189425,7.29
20189442,
20189461,6.0
20189462,8.51
20189463,8.7
20189523,
20189525,
20189603,
20189610,
20189624,0.0
20189649,9.65
20189663,3.62
20189668,
20189730,7.55
20189741,
20189742,3.83
20189743,7.86
20189746,9.0
20189761,
20189781,
20189783,
20189802,
20189804,0.0
20189806,8.45
20189842,7.89
20189843,7.2
20189861,8.75
20189862,
20189867,
20189869,7.51
20189882,7.9
20189901,7.73
20189902,
20189974,
